school_name,lng_wgs84,lat_wgs84
北京大学,116.3042066,39.99159488
中国人民大学,116.3071298,39.96931615
清华大学,116.3195457,40.00046271
北京交通大学,116.3320945,39.94938771
北京工业大学,116.4755159,39.87411856
北京航空航天大学,116.340297,39.97785046
北京理工大学,116.3081145,39.95931152
北京科技大学,116.3542273,39.98641739
北方工业大学,116.2021855,39.92678351
北京化工大学,116.4149758,39.97040931
北京工商大学,116.1612504,39.71843507
北京服装学院,116.3669255,39.98006951
北京邮电大学,116.2828354,40.15609518
北京印刷学院,116.3070467,39.75811683
北京建筑大学,116.2804555,39.74712544
北京石油化工学院,116.307055,39.75593885
北京电子科技学院,116.2736845,39.83634905
中国农业大学,116.3513579,40.00302204
北京农学院,116.3044494,40.09366053
北京林业大学,116.0988056,40.06349088
北京协和医学院,116.4085945,39.90969056
首都医科大学,116.3177418,39.84214559
北京中医药大学,116.4217466,39.96985538
北京师范大学,116.3567281,39.9575884
首都师范大学,116.1730881,39.71134629
首都体育学院,116.1059768,40.07800824
北京外国语大学,116.3003527,39.95386235
北京第二外国语学院,116.5577214,39.91169598
北京语言大学,116.3401158,39.99361552
中国传媒大学,116.5522992,39.91226184
中央财经大学,116.2758747,40.17020444
对外经济贸易大学,116.421605,39.97905285
北京物资学院,116.3521657,39.86892352
首都经济贸易大学,116.3109173,39.84043813
中国消防救援学院,116.0811302,40.20063795
外交学院,116.2747202,40.15262472
中国人民公安大学,116.3597778,39.76432736
国际关系学院,116.2802883,40.00256451
北京体育大学,116.312974,40.02243802
中央音乐学院,116.3998866,39.91162679
中国音乐学院,116.3728933,39.99022657
中央美术学院,116.4197308,39.99050387
中央戏剧学院,116.3696024,40.10309119
中国戏曲学院,116.3265478,39.86249675
北京电影学院,116.366272,40.11111363
北京舞蹈学院,116.313114,39.94573761
中央民族大学,116.3144497,39.94951256
中国政法大学,116.2418422,40.22323666
华北电力大学,116.3102646,40.08940519
中华女子学院,116.2350996,40.19484947
北京信息科技大学,116.4831586,39.96365883
中国矿业大学（北京）,116.25563,40.15146776
中国石油大学（北京）,116.2489306,40.21478256
中国地质大学（北京）,116.3454636,39.98878046
北京联合大学,116.4209451,39.98924776
北京城市学院,116.340626,39.98625842
中国青年政治学院,116.3015286,39.94948621
首钢工学院,116.1961913,39.92501242
中国劳动关系学院,116.3114005,39.92815378
首都师范大学科德学院,116.306271,39.51162493
北京工商大学嘉华学院,116.7261647,39.93451608
北京邮电大学世纪学院,116.3521243,39.95991095
北京工业大学耿丹学院,116.646318,40.21446775
北京警察学院,116.165852,40.25304425
北京第二外国语学院中瑞酒店管理学院,116.300949,39.61780675
中国科学院大学,116.6733142,40.4098627
中国社会科学院大学,116.1741666,39.73848924
北京工业职业技术学院,116.114623,39.95893968
北京信息职业技术学院,116.4765944,39.97170394
北京电子科技职业学院,116.4340214,39.95746027
北京京北职业技术学院,116.6353941,40.33803932
北京交通职业技术学院,116.1981216,40.22797926
北京青年政治学院,116.4685416,39.97977475
北京农业职业学院,116.222253,39.77116777
北京政法职业学院,116.5077152,39.91715301
北京财贸职业学院,116.6419417,39.91974353
北京北大方正软件职业技术学院,116.3452353,40.03096161
北京经贸职业学院,116.1580383,39.72022108
北京经济技术职业学院,116.4685583,39.98251071
北京戏曲艺术职业学院,116.3710613,39.85426944
北京汇佳职业学院,116.2377017,40.19264583
北京科技经营管理学院,116.2840001,40.14268456
北京科技职业学院,116.2446033,40.11640428
北京培黎职业学院,116.3391814,40.01954666
北京经济管理职业学院,116.4685583,39.98251071
北京劳动保障职业学院,116.178919,40.22416245
北京社会管理职业学院,116.3696206,39.75400094
北京艺术传媒职业学院,116.1138156,40.09780268
北京体育职业学院,116.4045913,39.85081423
北京交通运输职业学院,116.6564016,39.86133945
北京卫生职业学院,116.6627856,39.88418665
北京网络职业学院,116.0623488,39.68755199
南开大学,117.3347885,38.98446764
天津大学,117.3156269,39.00311062
天津科技大学,117.6929319,39.08753052
天津工业大学,117.1082331,39.0643465
中国民航大学,117.3472581,39.10682889
天津理工大学,117.1352489,39.05906043
天津农学院,116.9690068,39.16049833
天津医科大学,116.917671,38.92526436
天津中医药大学,117.0646795,38.95219329
天津师范大学,117.1764583,39.09914261
天津职业技术师范大学,117.2899878,39.05833566
天津外国语大学,117.2038587,39.10712213
天津商业大学,117.1314476,39.15192939
天津财经大学,117.2005464,39.10749287
天津体育学院,117.0532347,38.95213725
天津音乐学院,117.2235168,39.12194441
天津美术学院,117.2110332,39.18206772
天津城建大学,117.0890125,39.09378899
天津天狮学院,117.0326307,39.42818665
天津中德应用技术大学,117.3797269,39.010095
天津外国语大学滨海外事学院,117.4616698,38.86090857
天津传媒学院,117.268135,40.04592
天津商业大学宝德学院,117.0865189,39.09068962
天津医科大学临床医学院,117.4571429,38.86596706
南开大学滨海学院,117.4431103,38.86125265
天津师范大学津沽学院,117.1178735,39.05417186
天津理工大学中环信息学院,117.3622984,39.00511424
北京科技大学天津学院,117.3892967,39.54419861
天津仁爱学院,117.155682,38.885876
天津财经大学珠江学院,117.3993745,39.55004588
天津市职业大学,117.1825341,39.22924187
天津滨海职业学院,117.6433808,39.02928413
天津工程职业技术学院,117.4923375,38.72242662
天津渤海职业技术学院,117.2145347,39.07123427
天津电子信息职业技术学院,117.3711582,39.00787054
天津机电职业技术学院,117.348211,39.01290226
天津现代职业技术学院,117.3618872,39.01825955
天津公安警官职业学院,117.1034547,39.00180709
天津轻工职业技术学院,117.3665647,39.02159036
天津商务职业学院,117.3398261,39.0095529
天津国土资源和房屋职业学院,117.4471132,38.86782701
天津医学高等专科学校,117.2812373,39.07297703
天津开发区职业技术学院,117.2165931,39.10893211
天津艺术职业学院,117.4159544,38.87285255
天津交通职业学院,117.0701472,39.14800129
天津工业职业学院,117.1083642,39.25808732
天津石油职业技术学院,117.2123275,38.84202315
天津城市职业学院,117.2308249,39.14815823
天津铁道职业技术学院,117.2138664,39.1716073
天津工艺美术职业学院,117.2172769,39.1729223
天津城市建设管理职业技术学院,117.1023407,39.19105626
天津生物工程职业技术学院,117.1890066,39.15956411
天津海运职业学院,117.3584549,39.00161733
天津广播影视职业学院,117.1077332,39.11943385
天津体育职业学院,117.0581897,38.96281188
天津滨海汽车工程职业学院,117.4670374,38.98743814
河北大学,115.5588704,38.87941579
河北工程大学,114.4958988,36.61776525
河北地质大学,114.5221288,38.02027521
河北工业大学,117.1600592,39.17782743
华北理工大学,118.5923672,39.20354469
河北科技大学,114.509697,37.9780912
河北建筑工程学院,114.8910989,40.75463173
河北水利电力学院,116.799127,38.2946845
河北农业大学,115.4395702,38.82622064
河北医科大学,114.543521,38.01337909
河北北方学院,114.8851964,40.77148291
承德医学院,117.9508872,41.031151
河北师范大学,114.51886,37.99833113
保定学院,115.5714066,38.87956667
河北民族师范学院,117.9523264,40.89085728
唐山师范学院,118.7540683,39.7361096
廊坊师范学院,116.6667706,39.52584111
衡水学院,115.655787,37.74180568
石家庄学院,114.5944578,38.01898608
邯郸学院,114.5042538,36.57778842
邢台学院,114.4987539,37.08875622
沧州师范学院,116.777898,38.28451619
石家庄铁道大学,114.3617269,37.88006337
燕山大学,119.5182011,39.90970387
河北科技师范学院,119.5423834,39.91105302
唐山学院,118.2130392,39.6195103
华北科技学院,116.7978341,39.95579182
中国人民警察大学,116.656822,39.5306507
河北体育学院,114.5318555,38.04055282
河北金融学院,115.4928849,38.91863186
北华航天工业学院,116.7266505,39.5266986
防灾科技学院,116.7940724,39.95401495
河北经贸大学,114.4511054,38.0073669
中央司法警官学院,115.5085361,38.88049955
河北传媒学院,114.6583708,37.90628219
河北工程技术学院,114.4563139,37.99574122
河北美术学院,114.7136591,38.34425078
河北科技学院,115.4864077,38.81343563
河北外国语学院,114.448808,37.99578295
河北大学工商学院,115.5588499,38.87927782
华北理工大学轻工学院,118.5923672,39.20354469
河北工业职业技术大学,114.008061,38.243935
河北师范大学汇华学院,114.4578491,38.00556847
河北经贸大学经济管理学院,114.451497,38.00571868
河北医科大学临床学院,114.5427294,38.01618913
河北科技工程职业技术大学,114.452016,37.085541
河北工程大学科信学院,114.5028265,36.57167856
河北石油职业技术大学,117.960405,40.901792
燕山大学里仁学院,119.5211182,39.90493909
石家庄铁道大学四方学院,114.4037061,37.88372259
河北地质大学华信学院,114.4498511,37.99364493
河北农业大学现代科技学院,115.4436818,38.82741514
华北理工大学冀唐学院,118.0847259,39.58137343
保定理工学院,115.4789619,38.81472099
燕京理工学院,116.7983488,39.99922477
北京中医药大学东方学院,116.7507123,39.58864384
沧州交通学院,117.314538,38.384839
河北东方学院,116.7429262,39.59506646
河北中医学院,114.3402419,38.05594159
张家口学院,114.8624686,40.84161095
河北环境工程学院,119.4469024,39.86710897
邯郸职业技术学院,114.5055995,36.58244761
石家庄职业技术学院,114.4002024,38.0461233
张家口职业技术学院,114.9106152,40.7302099
河北软件职业技术学院,115.5383913,38.86704614
河北石油职业技术学院,116.6695149,39.52174461
河北建材职业技术学院,119.5559069,39.91242792
河北政法职业学院,114.494373,38.1278258
沧州职业技术学院,116.8174725,38.28166171
河北能源职业技术学院,118.1855561,39.64389996
石家庄铁路职业技术学院,114.5210257,38.08768705
保定职业技术学院,115.5129909,38.88015235
秦皇岛职业技术学院,119.4755364,39.83814519
石家庄工程职业学院,114.4330972,38.17019192
石家庄城市经济职业学院,114.747651,37.75989923
唐山职业技术学院,118.0845137,39.58368196
衡水职业技术学院,115.675161,37.69831824
唐山工业职业技术学院,118.2209636,39.62941982
邢台医学高等专科学校,114.3610114,37.17792211
河北艺术职业学院,114.5126337,38.0368805
河北旅游职业学院,117.9472665,40.90072744
石家庄财经职业学院,114.2770263,38.113515
河北交通职业技术学院,114.6371061,38.02658366
河北化工医药职业技术学院,114.5975711,37.98901292
石家庄信息工程职业学院,114.6758046,38.149904
河北对外经贸职业学院,119.4214477,39.79978724
保定电力职业技术学院,115.4431082,38.8506836
河北机电职业技术学院,114.4531449,37.09423716
渤海石油职业学院,116.0518655,38.71890311
廊坊职业技术学院,116.7379457,39.61438964
唐山科技职业技术学院,118.2323773,39.59662475
石家庄邮电职业技术学院,114.5514508,38.01868424
河北公安警察职业学院,114.4651566,37.99857384
石家庄工商职业学院,114.466021,37.99439082
石家庄理工职业学院,114.345007,38.05170857
石家庄科技信息职业学院,114.407206,38.3073544
河北司法警官职业学院,114.4835561,36.64798288
沧州医学高等专科学校,116.7977283,38.28417564
河北女子职业技术学院,114.4426365,37.99742973
石家庄医学高等专科学校,114.4116,38.26127786
石家庄经济职业学院,114.4102372,38.05991394
冀中职业学院,115.5046559,38.85485174
石家庄人民医学高等专科学校,114.4491229,37.99230167
河北正定师范高等专科学校,114.574559,38.168476
河北劳动关系职业学院,114.4514719,37.98796343
石家庄科技职业学院,114.6865161,38.0358284
沧州幼儿师范高等专科学校,116.5776,38.082711
宣化科技职业学院,115.0474079,40.61897379
廊坊燕京职业技术学院,116.9865436,39.96765123
承德护理职业学院,118.1675526,40.76667091
石家庄幼儿师范高等专科学校,114.3400861,38.04363288
廊坊卫生职业学院,116.7297127,39.60776928
河北轨道运输职业技术学院,114.6939077,38.01792323
保定幼儿师范高等专科学校,115.8038929,39.26631459
河北工艺美术职业学院,115.2495772,38.94262922
渤海理工职业学院,117.3082997,38.39200527
唐山幼儿师范高等专科学校,118.7550321,39.73762008
曹妃甸职业技术学院,118.5947296,39.1822705
承德应用技术职业学院,118.1675526,40.76667091
邯郸幼儿师范高等专科学校,114.1994572,36.65664574
邯郸科技职业学院,114.4147485,36.45329036
唐山海运职业学院,118.5899264,39.18613592
邢台应用技术职业学院,115.336114,36.994302
河北资源环境职业技术学院,114.41181,37.841806
山西大学,112.6422367,37.80207898
太原科技大学,112.4808722,37.87154736
中北大学,112.4391696,38.01214855
太原理工大学,112.5155803,37.8602643
山西农业大学,112.1556039,37.21102484
山西医科大学,112.5480854,37.8495545
长治医学院,113.1113987,36.17269229
山西师范大学,111.5006177,36.08110688
太原师范学院,112.6012883,37.78051235
山西大同大学,113.3470432,40.09356577
晋中学院,112.7146398,37.74025031
长治学院,113.1409179,36.18910245
运城学院,110.9265281,35.12477127
忻州师范学院,112.7206923,38.43084659
山西财经大学,112.5482552,37.839773
山西中医药大学,112.5237729,37.84242041
吕梁学院,111.1413032,37.58167448
太原学院,112.5393271,37.83545005
山西警察学院,112.5613739,37.70341646
山西应用科技学院,112.5712226,37.62318323
山西工程科技职业大学,112.710735,37.74812
山西工学院,112.453421,39.380884
晋中信息学院,112.579356,37.457115
山西师范大学现代文理学院,111.5450868,36.08544816
山西晋中理工学院,112.646197,37.682759
山西科技学院,112.950505,35.542435
山西医科大学晋祠学院,112.4223312,37.68572709
山西财经大学华商学院,112.5741849,37.77003418
山西工商学院,112.5372769,37.64418573
太原工业学院,112.5393561,37.95735953
运城职业技术大学,111.0031521,35.07312058
山西传媒学院,112.5419805,37.85783251
山西工程技术学院,113.6002714,37.88162518
山西能源学院,112.7312449,37.75119885
山西省财政税务专科学校,112.5108776,37.85156454
长治职业技术学院,113.111893,36.18339155
山西艺术职业学院,112.5673276,37.85210809
晋城职业技术学院,112.866689,35.48947348
山西药科职业学院,112.645049,37.77616726
大同煤炭职业技术学院,113.1775161,40.02192273
山西机电职业技术学院,113.1279598,36.20814634
山西财贸职业技术学院,112.565141,37.82072185
山西林业职业技术学院,112.5332038,37.89510477
山西水利职业技术学院,111.0288813,35.05375552
阳泉职业技术学院,113.6206811,37.88762075
临汾职业技术学院,111.5253941,36.10563154
山西职业技术学院,112.5772852,37.79518806
山西金融职业学院,112.5234832,37.95372354
太原城市职业技术学院,112.5788563,37.85432781
山西信息职业技术学院,111.5373991,36.12401534
山西体育职业学院,112.5573083,37.77967473
山西警官职业学院,112.5901915,37.82208267
山西国际商务职业学院,112.5947048,37.80935252
潞安职业技术学院,112.9843891,36.44144574
太原旅游职业学院,112.5937764,37.69315314
山西旅游职业学院,112.6141728,37.8040654
山西管理职业学院,111.5003324,36.14111265
山西电力职业技术学院,112.4849082,37.77659894
忻州职业技术学院,112.7286517,38.4709095
山西同文职业技术学院,111.8809084,37.03152588
晋中职业技术学院,112.7146235,37.68579666
山西华澳商贸职业学院,112.6335105,37.67144274
山西运城农业职业技术学院,110.9943886,35.02048581
运城幼儿师范高等专科学校,111.0577086,35.09892804
山西老区职业技术学院,112.5078994,37.90143008
山西经贸职业学院,112.5231307,37.83907564
朔州职业技术学院,112.4001237,39.30016051
山西铁道职业技术学院,112.6085351,37.88072106
晋中师范高等专科学校,112.7271152,37.72503952
阳泉师范高等专科学校,113.6122783,37.80094508
山西青年职业学院,112.5935135,37.69778259
运城护理职业学院,110.917344,35.11952177
运城师范高等专科学校,110.9126222,35.12887451
朔州师范高等专科学校,112.4497745,39.37541578
吕梁职业技术学院,111.7653708,37.1175258
大同师范高等专科学校,113.2208575,40.07580753
太原幼儿师范高等专科学校,112.4901743,37.56207855
山西工程职业学院,112.5430144,37.88036182
长治幼儿师范高等专科学校,113.073935,36.22260382
山西通用航空职业技术学院,113.3906492,39.93661503
朔州陶瓷职业技术学院,113.1061701,39.84649129
山西卫生健康职业学院,112.5725416,37.84339612
内蒙古大学,111.693422,40.81343136
内蒙古科技大学,109.8270574,40.61927561
内蒙古工业大学,111.5442742,40.78601119
内蒙古农业大学,111.6924697,40.80283102
内蒙古医科大学,111.4284573,40.74463138
内蒙古师范大学,111.7888049,40.49094746
内蒙古民族大学,122.2475169,43.62621966
赤峰学院,118.911277,42.2398591
内蒙古财经大学,111.6233694,40.85542317
呼伦贝尔学院,119.7718122,49.19882684
集宁师范学院,113.1386897,41.00825187
河套学院,107.4318963,40.7680682
呼和浩特民族学院,111.649532,40.84167947
内蒙古大学创业学院,111.6856514,40.74614201
内蒙古鸿德文理学院,111.7719855,40.85008901
内蒙古艺术学院,111.6934349,40.8289934
鄂尔多斯应用技术学院,109.9068523,39.80998597
内蒙古建筑职业技术学院,111.6279133,40.8720492
内蒙古丰州职业学院,111.7040039,40.80016603
包头职业技术学院,109.8707244,40.67736073
兴安职业技术学院,122.0575045,46.08221814
呼和浩特职业学院,111.8350836,40.89717332
包头轻工职业技术学院,110.1806258,40.56440159
内蒙古电子信息职业技术学院,111.8437768,40.89605069
内蒙古机电职业技术学院,111.8399989,40.9034899
内蒙古化工职业学院,111.8456109,40.90556022
内蒙古商贸职业学院,111.8508569,40.89760351
锡林郭勒职业学院,116.5055015,42.20429451
内蒙古警察职业学院,111.6881882,40.87059577
内蒙古体育职业学院,111.6671604,40.85785067
乌兰察布职业学院,113.1716616,40.97343547
通辽职业学院,122.2459325,43.67915432
科尔沁艺术职业学院,122.2184703,43.62840844
内蒙古交通职业技术学院,118.8859615,42.27022544
包头钢铁职业技术学院,109.8286833,40.62360216
乌海职业技术学院,106.7944072,39.64916305
内蒙古科技职业学院,111.7999838,40.85511866
内蒙古北方职业技术学院,111.835932,40.89601785
赤峰职业技术学院,118.8672006,42.27120592
内蒙古经贸外语职业学院,111.6877697,40.89368464
包头铁道职业技术学院,109.9964686,40.65368376
乌兰察布医学高等专科学校,113.1620179,40.98103819
鄂尔多斯职业学院,109.8190258,39.61556659
内蒙古工业职业学院,111.6588761,40.81074529
呼伦贝尔职业技术学院,119.7358945,49.17541619
满洲里俄语职业学院,117.4069968,49.6071168
内蒙古能源职业学院,111.7625138,40.90247178
赤峰工业职业技术学院,118.8672006,42.27120592
阿拉善职业技术学院,105.6415673,38.83438501
内蒙古美术职业学院,107.4569556,40.71621552
内蒙古民族幼儿师范高等专科学校,109.901976,39.81447704
鄂尔多斯生态环境职业学院,109.8223741,39.62440968
扎兰屯职业学院,122.7275307,48.00940646
赤峰应用技术职业学院,118.8738428,42.28759222
辽宁大学,123.4002099,41.83082107
大连理工大学,121.5239721,38.87939059
沈阳工业大学,123.24338,41.7338081
沈阳航空航天大学,123.402102,41.92370537
沈阳理工大学,123.4884561,41.72474799
东北大学,123.411705,41.76289765
辽宁科技大学,123.0549231,41.1019426
辽宁工程技术大学,121.65863,42.02148222
辽宁石油化工大学,123.7856542,41.85572872
沈阳化工大学,123.2287232,41.74465989
大连交通大学,121.1584366,38.79339374
大连海事大学,121.5271325,38.87035812
大连工业大学,121.5226338,38.97253204
沈阳建筑大学,123.5102172,41.7412549
辽宁工业大学,121.1174117,41.14239208
沈阳农业大学,123.5640191,41.82464645
大连海洋大学,122.0192925,39.6236897
中国医科大学,123.4027436,41.78859213
锦州医科大学,121.1373279,41.14749893
大连医科大学,121.3097112,38.80285377
辽宁中医药大学,123.4284876,41.82917621
沈阳药科大学,123.438615,41.7657919
沈阳医学院,123.4022692,41.88651413
辽宁师范大学,121.5588798,38.91713385
沈阳师范大学,123.4094757,41.90618944
渤海大学,121.1110488,41.08495901
鞍山师范学院,122.9903356,41.07460759
大连外国语大学,121.3030219,38.81232648
东北财经大学,121.5465289,38.87742031
中国刑事警察学院,123.3755715,41.84131801
沈阳体育学院,123.7076757,41.57847567
沈阳音乐学院,123.528227,41.65250983
鲁迅美术学院,123.4645308,41.6598788
辽宁对外经贸学院,121.151013,38.81876423
沈阳大学,123.4545569,41.82368495
大连大学,121.8153185,39.09949286
辽宁科技学院,123.7075122,41.45624722
辽宁警察学院,121.3240906,38.96332485
沈阳工程学院,123.4127868,41.91699574
辽东学院,124.3579353,40.17250059
大连民族大学,121.9754898,39.08681408
辽宁理工职业大学,121.0621458,40.8903354
大连理工大学城市学院,121.8438128,39.15139619
沈阳工业大学工程学院,123.1810168,41.20157398
沈阳航空航天大学北方科技学院,123.462848,41.927136
沈阳工学院,123.7118449,41.84072303
大连工业大学艺术与信息工程学院,121.317513,38.9652464
大连科技学院,121.1498593,38.78128176
沈阳城市建设学院,123.4117932,41.67381817
大连医科大学中山学院,121.6436413,38.91615091
锦州医科大学医疗学院,121.1091878,41.08132601
辽宁师范大学海华学院,123.4048154,41.68108131
辽宁理工学院,121.1133085,41.08007533
大连财经学院,121.8268398,39.08523296
沈阳城市学院,123.5307699,41.62312642
大连艺术学院,121.82915,39.09768968
辽宁中医药大学杏林学院,123.4080282,41.67754298
辽宁何氏医学院,123.7172169,41.91266457
沈阳科技学院,123.3965281,41.67871165
大连东软信息学院,121.5315781,38.89230516
辽宁财贸学院,120.7900352,40.62028128
辽宁传媒学院,123.4092512,41.92259648
营口理工学院,122.2387596,40.63071242
朝阳师范高等专科学校,120.3839392,41.4954383
抚顺师范高等专科学校,123.9092974,41.87920604
锦州师范高等专科学校,121.150942,41.14008774
营口职业技术学院,122.2351204,40.60215693
铁岭师范高等专科学校,123.7405512,42.24852151
大连职业技术学院,121.8380181,39.34471506
辽宁农业职业技术学院,122.1468274,40.18230064
抚顺职业技术学院,123.9092974,41.87920604
辽阳职业技术学院,123.1001316,41.20320139
阜新高等专科学校,121.7292422,42.05746825
辽宁省交通高等专科学校,123.5054695,41.93409468
辽宁税务高等专科学校,121.5407413,38.87907521
盘锦职业技术学院,122.1004151,40.72695771
沈阳航空职业技术学院,123.4229629,41.86765278
辽宁体育运动职业技术学院,123.4756001,41.7611854
辽宁职业学院,123.8977817,42.30383793
辽宁生态工程职业学院,123.5130635,41.93886586
沈阳职业技术学院,123.4756001,41.7611854
大连商务职业学院,121.4914786,38.93559871
辽宁金融职业学院,123.5123772,41.93643497
辽宁轨道交通职业学院,123.2058226,41.74907305
辽宁广告职业学院,123.3441141,41.91562022
辽宁机电职业技术学院,124.3363015,40.03270809
辽宁经济职业技术学院,123.4859777,41.93384577
辽宁石化职业技术学院,121.1165776,41.13373496
渤海船舶职业学院 ,120.781097,40.635905
大连软件职业学院,121.4914786,38.93559871
大连翻译职业学院,121.7535093,39.06404962
辽宁商贸职业学院,123.352904,41.78401004
大连枫叶职业技术学院,121.3020247,38.95961926
辽宁装备制造职业技术学院,123.5862359,41.9074422
辽河石油职业技术学院,122.0387494,41.19484338
辽宁地质工程职业学院,124.2726008,40.02691656
辽宁铁道职业技术学院,121.1442758,41.14257937
辽宁建筑职业学院,123.1594945,41.25362665
大连航运职业技术学院,121.1526004,38.79517088
大连装备制造职业技术学院,121.7008838,39.20101819
大连汽车职业技术学院,121.620755,39.01882413
辽宁现代服务职业技术学院,123.5852839,41.92901827
辽宁冶金职业技术学院,123.7721893,41.28027894
辽宁工程职业学院,123.7444303,42.24130993
辽宁城市建设职业技术学院,123.4859847,41.94331302
辽宁医药职业学院,123.3475013,41.67619419
铁岭卫生职业学院,123.7404699,42.24439868
沈阳北软信息职业技术学院,123.450366,41.92410897
辽宁政法职业学院,123.6147345,41.83743504
辽宁民族师范高等专科学校,123.4444368,41.82990157
辽宁轻工职业学院,121.7361095,39.07668582
辽宁特殊教育师范高等专科学校,123.6246728,41.68548051
辽宁师范高等专科学校,123.4048154,41.68108131
鞍山职业技术学院,122.9132421,41.14373859
吉林大学,125.3133623,43.87709213
延边大学,129.4947475,42.92229022
长春理工大学,125.3071744,43.82832708
东北电力大学,126.4973907,43.82085945
长春工业大学,125.3850602,43.9931176
吉林建筑大学,125.3616342,43.87372394
吉林化工学院,126.4062116,43.99492751
吉林农业大学,125.4039969,43.80792648
长春中医药大学,125.4148084,43.82563782
东北师范大学,125.4191601,43.82372554
北华大学,126.6003264,43.83459222
通化师范学院,125.9826584,41.74421545
吉林师范大学,124.3388358,43.15464425
吉林工程技术师范学院,125.3889025,43.91021439
长春师范大学,125.3899122,43.91041197
白城师范学院,122.802926,45.61342593
吉林财经大学,125.3616342,43.87372394
吉林体育学院,125.3332035,43.85967655
吉林艺术学院,125.3107017,43.8624168
吉林外国语大学,125.4347579,43.82101239
吉林工商学院,125.3616342,43.87372394
长春工程学院,125.2737035,43.84938974
吉林农业科技学院,126.1033078,44.04872696
吉林警察学院,125.407632,43.82388745
长春大学,125.2932191,43.82841086
长春光华学院,125.4283147,43.87496848
长春工业大学人文信息学院,125.4215591,43.77901815
长春电子科技学院,125.158243,44.00766
长春财经学院,125.4074501,43.78593464
吉林建筑科技学院,125.3616342,43.87372394
长春建筑学院,125.2726909,43.81510512
长春科技学院,125.6613373,43.53283559
吉林动画学院,125.3616342,43.87372394
吉林师范大学博达学院,124.3344705,43.1552807
长春大学旅游学院,125.5143578,43.6878097
长春人文学院,125.416371,43.82893
吉林医药学院,126.5584393,43.80161327
长春师范高等专科学校,125.1724187,44.07661222
辽源职业技术学院,125.1228318,42.8467433
四平职业大学,124.3323124,43.13705243
长春汽车工业高等专科学校,125.143592,43.82784142
长春金融高等专科学校,125.3213507,43.83610909
长春医学高等专科学校,125.4235034,43.88295705
吉林交通职业技术学院,125.3616342,43.87372394
长春东方职业学院,125.5031826,44.1327037
吉林司法警官职业学院,125.3620635,43.82830486
吉林电子信息职业技术学院,126.5566741,43.92090145
吉林工业职业技术学院,126.5523923,43.81923586
吉林工程职业学院,124.411707,43.16522285
长春职业技术学院,125.3600097,43.82939028
白城医学高等专科学校,122.7955069,45.60709146
长春信息技术职业学院,125.6583816,43.54108497
松原职业技术学院,124.8000218,45.20240203
吉林铁道职业技术学院,126.5438638,43.71685133
白城职业技术学院,122.7984038,45.64043009
长白山职业技术学院,126.3965543,41.9354068
吉林科技职业技术学院,125.3620635,43.82830486
延边职业技术学院,129.5401017,42.91366081
吉林城市职业技术学院,125.3616342,43.87372394
吉林职业技术学院,129.3947044,42.78413921
吉林水利电力职业学院,125.4177869,43.75067747
长春健康职业学院,125.2730745,43.81449008
长春早期教育职业学院,125.0028262,44.0058124
梅河口康美职业技术学院,125.7150919,42.52188119
吉林通用航空职业技术学院,126.353158,43.92026
通化医药健康职业学院,125.980939,41.726087
黑龙江大学,126.6218497,45.70472087
哈尔滨工业大学,126.6766561,45.75793469
哈尔滨理工大学,126.6106943,45.71309572
哈尔滨工程大学,126.6756863,45.77464825
黑龙江科技大学,126.647425,45.81719977
东北石油大学,125.1422088,46.58989327
佳木斯大学,130.3538266,46.78365384
黑龙江八一农垦大学,125.1613194,46.58523665
东北农业大学,126.7213633,45.7422967
东北林业大学,126.6352048,45.71542753
哈尔滨医科大学,126.6140663,45.69940136
黑龙江中医药大学,126.6422074,45.72489474
牡丹江医学院,129.5721748,44.60341824
哈尔滨师范大学,126.6189351,45.72320991
齐齐哈尔大学,123.9333016,47.35258798
牡丹江师范学院,129.5537338,44.58699765
哈尔滨学院,126.600747,45.70467297
大庆师范学院,124.8601993,46.67375218
绥化学院,126.9715367,46.62210388
哈尔滨商业大学,126.6025322,45.73841092
哈尔滨体育学院,126.6716192,45.75846839
哈尔滨金融学院,126.7301659,45.71976297
齐齐哈尔医学院,123.9445772,47.37636331
黑龙江工业学院,130.9560297,45.28108416
黑龙江东方学院,126.6562188,45.57298669
哈尔滨信息工程学院,126.5005282,45.87604549
黑龙江工程学院,126.6812591,45.78411856
齐齐哈尔工程学院,123.9583373,47.30134187
黑龙江外国语学院,126.5459473,45.85639383
黑龙江财经学院,126.4859887,45.87581984
哈尔滨石油学院,126.5535924,45.84753868
黑龙江工商学院,126.5193044,45.86922597
哈尔滨远东理工学院,126.5247788,45.86503671
哈尔滨剑桥学院,126.6533133,45.65348755
黑龙江工程学院昆仑旅游学院,127.4006165,45.74516027
哈尔滨广厦学院,126.5440488,45.87443146
哈尔滨华德学院,126.5349469,45.87501429
黑河学院,127.5358335,50.2258021
哈尔滨音乐学院,126.5646011,45.82809415
齐齐哈尔高等师范专科学校,123.9671023,47.3122813
伊春职业学院,128.8685374,47.71340914
牡丹江大学,129.5650262,44.59096222
黑龙江职业学院,126.2914565,45.38377299
黑龙江建筑职业技术学院,126.5024371,45.87022848
黑龙江艺术职业学院,126.6149989,45.72601542
大庆职业学院,125.1436575,46.67229321
黑龙江林业职业技术学院,129.559745,44.58738518
黑龙江农业职业技术学院,130.3888728,46.79867956
黑龙江农业工程职业学院,126.5485205,45.67103497
黑龙江农垦职业学院,126.5233322,45.87391799
黑龙江司法警官职业学院,126.6156819,45.64652112
鹤岗师范高等专科学校,130.494426,47.39807993
哈尔滨电力职业技术学院,126.6914168,45.7326153
哈尔滨铁道职业技术学院,126.6324257,45.57648335
大兴安岭职业学院,124.1039811,50.3813523
黑龙江农业经济职业学院,129.5054443,44.42026078
哈尔滨职业技术学院,126.6485838,45.66569955
哈尔滨传媒职业学院,126.5112359,45.57768908
黑龙江商业职业学院,129.5826013,44.58967355
黑龙江公安警官职业学院,126.5330225,45.86645075
哈尔滨城市职业学院,126.677905,45.7589956
黑龙江旅游职业技术学院,126.6078951,45.66710123
黑龙江三江美术职业学院,130.3157155,46.78874424
黑龙江生态工程职业学院,126.4954466,45.875059
黑龙江能源职业学院,131.1632398,46.69055779
七台河职业学院,131.0319684,45.77611849
黑龙江民族职业学院,126.6413102,45.57540204
大庆医学高等专科学校,125.0423067,46.59950003
黑龙江交通职业技术学院,126.5149023,45.87021201
哈尔滨应用职业技术学院,126.4147253,45.64734657
黑龙江幼儿师范高等专科学校,129.5839706,44.59950947
哈尔滨科学技术职业学院,126.6331884,45.76518899
佳木斯职业学院,130.3178377,46.79271835
黑龙江护理高等专科学校,126.9571949,45.499467
齐齐哈尔理工职业学院,123.5992202,47.21349912
哈尔滨幼儿师范高等专科学校,126.7661984,45.72379992
黑龙江冰雪体育职业学院,126.6833408,45.85717133
哈尔滨北方航空职业技术学院,127.0221931,45.55036896
复旦大学,121.5020163,31.30289744
同济大学,121.52456,31.2558911
上海交通大学,121.4669342,31.21445172
华东理工大学,121.4191598,31.14518747
上海理工大学,121.5532685,31.29409767
上海海事大学,121.5645891,31.2651836
东华大学,121.3536205,31.22433492
上海电力大学,121.887516,30.90442839
上海应用技术大学,121.5062065,30.844978
上海健康医学院,121.6080245,31.09989095
上海海洋大学,121.8955605,30.88200681
上海中医药大学,121.4775586,31.30602486
华东师范大学,121.3955618,31.21253395
上海师范大学,121.3588757,31.11242843
上海外国语大学,121.697474,31.19565828
上海财经大学,121.4962345,31.30823117
上海对外经贸大学,121.213037,31.04843006
上海海关学院,121.5738531,31.17095894
华东政法大学,121.4120275,31.22858093
上海体育学院,121.5214511,31.31519517
上海音乐学院,121.4479714,31.19078849
上海戏剧学院,121.5106801,31.24165876
上海大学,121.3891637,31.3171223
上海公安学院,121.5149397,31.38227245
上海工程技术大学,121.483371,31.29705292
上海立信会计金融学院,121.5341456,31.23764383
上海电机学院,121.8813196,30.89068267
上海杉达学院,121.6548265,31.2709029
上海政法学院,121.1684133,31.11301562
上海第二工业大学,121.4405862,31.18543208
上海商学院,121.4334972,31.25881448
上海立达学院,121.316597,30.93800002
上海建桥学院,121.888027,30.89397721
上海兴伟学院,121.7825439,31.04498407
上海中侨职业技术大学,121.300261,30.80006784
上海视觉艺术学院,121.2015439,31.04832498
上海外国语大学贤达经济人文学院,121.4791212,31.28039207
上海师范大学天华学院,121.1965162,31.41068418
上海科技大学,121.4510644,31.20437838
上海纽约大学,121.5296537,31.22796856
上海旅游高等专科学校,121.5078771,30.83551088
上海东海职业技术学院,121.4527207,31.0318786
上海工商职业技术学院,121.2166382,31.25061012
上海出版印刷高等专科学校,121.6077487,31.20979561
上海行健职业学院,121.4270048,31.28204238
上海城建职业学院,121.4765645,31.24925466
上海交通职业技术学院,121.5630245,31.26499076
上海海事职业技术学院,121.483989,31.3940218
上海电子信息职业技术学院,121.4245764,31.26751606
上海震旦职业学院,121.3548876,31.41422404
上海民远职业技术学院,121.6558259,31.20057716
上海欧华职业技术学院,121.6928686,30.87528404
上海思博职业技术学院,121.7763444,31.03970671
上海工艺美术职业学院,121.2476616,31.41012928
上海济光职业技术学院,121.495467,31.30314043
上海工商外国语职业学院,121.7769925,31.04977046
上海科学技术职业学院,121.2535952,31.38873315
上海农林职业技术学院,121.1672833,30.89752549
上海邦德职业技术学院,121.3973049,31.32490107
上海电影艺术职业学院,121.5808951,31.19396683
上海中华职业技术学院,121.4386792,31.03195922
上海工会管理职业学院,121.4908091,31.28819526
上海民航职业技术学院,121.4514863,31.17330051
上海南湖职业技术学院,121.490389,31.318964
南京大学,118.7040243,32.17634625
苏州大学,120.7262026,31.27458018
东南大学,118.7703499,32.0767696
南京航空航天大学,118.7897206,31.94238205
南京理工大学,118.8517756,32.02814942
江苏科技大学,119.4645423,32.19703791
中国矿业大学,117.1394263,34.21546991
南京工业大学,118.7626223,32.07617986
常州大学,119.9707275,31.68220998
南京邮电大学,118.7656015,32.08484207
河海大学,118.7806878,31.9164125
江南大学,120.2682501,31.47656528
南京林业大学,118.8117667,32.08119164
江苏大学,119.4507604,32.21489877
南京信息工程大学,118.7100235,32.20540892
南通大学,120.902589,32.0206668
盐城工学院,120.1938945,33.38370045
南京农业大学,119.1692023,31.61943971
南京医科大学,118.7691638,32.0465955
徐州医科大学,117.1692245,34.26566906
南京中医药大学,118.9394541,32.10527726
中国药科大学,118.7745326,32.07538963
南京师范大学,118.905243,32.10810882
江苏师范大学,117.1951094,34.22975728
淮阴师范学院,119.0017861,33.64318931
盐城师范学院,120.1526081,33.38533276
南京财经大学,118.7559854,32.08768849
江苏警官学院,118.6513124,32.09421252
南京体育学院,118.8619015,32.04607822
南京艺术学院,118.7482134,32.0648493
苏州科技大学,120.5527971,31.26772417
常熟理工学院,120.7704561,31.5891888
南京工业职业技术大学,118.8177054,32.04049202
淮阴工学院,119.135014,33.52574755
常州工学院,119.9878762,31.81777654
扬州大学,119.4163708,32.37994717
三江学院,118.7488539,31.96243136
南京工程学院,118.8762807,31.92484476
南京审计大学,118.6033038,32.06507935
南京晓庄学院,118.8967773,31.89501128
江苏理工学院,119.9139311,31.75292274
江苏海洋大学,119.184692,34.58840286
徐州工程学院,117.2946839,34.19592838
南京特殊教育师范学院,118.8254643,32.1309271
南通理工学院,120.5489019,32.51174346
南京森林警察学院,118.8201088,32.08590033
东南大学成贤学院,118.6984357,32.1558335
泰州学院,119.9373456,32.4720759
无锡太湖学院,120.3037945,31.51236176
金陵科技学院,118.8069006,32.12482694
中国矿业大学徐海学院,117.1930396,34.22289327
南京大学金陵学院,118.6998907,32.17946771
南京理工大学紫金学院,118.9292935,32.12822634
南京航空航天大学金城学院,118.8793832,31.70335587
南京传媒学院,118.8841166,31.8874044
南京理工大学泰州科技学院,119.9364474,32.468078
南京师范大学泰州学院,119.935824,32.47837776
南京工业大学浦江学院,118.8973943,31.63854544
南京师范大学中北学院,119.5363681,32.01650854
南京医科大学康达学院,119.2237071,34.65162285
南京中医药大学翰林学院,119.8902333,32.38104113
无锡学院,120.476485,31.587384
苏州城市学院,120.589951,31.224387
苏州大学应用技术学院,120.8389819,31.15116954
苏州科技大学天平学院,120.5555928,31.30639346
江苏大学京江学院,119.4507604,32.21489877
扬州大学广陵学院,119.4265461,32.39659685
江苏师范大学科文学院,117.367468,34.34849143
南京邮电大学通达学院,119.3950626,32.33390806
南京财经大学红山学院,119.2270234,32.16240431
江苏科技大学苏州理工学院,120.5661367,31.89637451
常州大学怀德学院,120.3820199,32.04761558
南通大学杏林学院,120.9001338,32.0191898
南京审计大学金审学院,118.7486684,32.04136203
宿迁学院,118.291199,33.9319575
江苏第二师范学院,118.7494489,32.06055448
西交利物浦大学,120.735537,31.27551635
昆山杜克大学,120.8929334,31.41752758
盐城幼儿师范高等专科学校,120.1712492,33.30933983
苏州幼儿师范高等专科学校,120.6652912,31.38366766
明达职业技术学院,120.3334323,33.78703138
无锡职业技术学院,120.2900355,31.5423269
江苏建筑职业技术学院,118.0209685,34.34839419
江苏工程职业技术学院,121.4611903,32.1151689
苏州工艺美术职业技术学院,120.581218,31.23400392
连云港职业技术学院,119.236595,34.66390237
镇江市高等专科学校,119.3599164,32.12399317
南通职业大学,120.8894678,32.01054756
苏州市职业大学,120.603437,31.229725
沙洲职业工学院,120.5837399,31.90574984
扬州市职业大学,119.3746462,32.39777161
连云港师范高等专科学校,119.2225102,34.64765295
江苏经贸职业技术学院,118.8798823,31.93355901
九州职业技术学院,117.1550007,34.18528198
硅湖职业技术学院,121.1349625,31.28446064
泰州职业技术学院,119.8894315,32.37675067
常州信息职业技术学院,119.9497443,31.68027354
江苏联合职业技术学院,118.7742984,32.04654019
江苏海事职业技术学院,118.9022526,31.92025669
应天职业技术学院,118.8953868,31.93213059
无锡科技职业学院,120.3848863,31.52192217
江苏医药职业学院,120.1668023,33.32679404
扬州环境资源职业技术学院,119.5133451,32.42419737
南通科技职业学院,120.8876426,32.00611179
苏州经贸职业技术学院,120.5625651,31.25477764
苏州工业职业技术学院,120.586231,31.22156899
苏州托普信息职业技术学院,120.8417813,31.46430794
苏州卫生职业技术学院,120.6179012,31.30111092
无锡商业职业技术学院,120.1688059,31.56700911
江苏航运职业技术学院,120.9584531,31.91819876
南京交通职业技术学院,118.9070507,31.91440737
江苏电子信息职业学院,119.0421348,33.55301667
江苏农牧科技职业学院,119.9367617,32.49298444
常州纺织服装职业技术学院,119.9348695,31.6863745
苏州农业职业技术学院,120.6004145,31.42670423
苏州工业园区职业技术学院,120.7508167,31.26101679
太湖创意职业技术学院,120.3037945,31.51236176
炎黄职业技术学院,119.2966315,33.78660844
南京科技职业学院,118.7437419,32.23636772
正德职业技术学院,118.7783561,31.94293026
钟山职业技术学院,111.3194637,24.53718853
无锡南洋职业技术学院,120.1053215,31.4592783
江南影视艺术职业学院,120.1709709,31.57058705
金肯职业技术学院,118.87407,31.68836044
常州工业职业技术学院,119.9347327,31.68091344
常州工程职业技术学院,119.9416897,31.68638354
江苏农林职业技术学院,119.1664737,31.95987499
江苏食品药品职业技术学院,119.0405718,33.54661497
建东职业技术学院,119.975984,31.8693382
南京铁道职业技术学院,118.6940945,32.10385676
徐州工业职业技术学院,117.1378549,34.30070478
江苏信息职业技术学院,120.1639135,31.57175202
宿迁职业技术学院,118.2842036,34.02210476
南京信息职业技术学院,118.9366917,32.13101929
江海职业技术学院,119.4290457,32.32586001
常州机电职业技术学院,119.9423638,31.68033699
江阴职业技术学院,120.2410926,31.87498503
无锡城市职业技术学院,120.1832747,31.58093813
无锡工艺职业技术学院,119.8292406,31.34147239
金山职业技术学院,119.4252713,32.21241798
苏州健雄职业技术学院,121.130221,31.41388596
盐城工业职业技术学院,120.1698743,33.32297628
江苏财经职业技术学院,119.0546204,33.55238379
扬州工业职业技术学院,119.4665796,32.43649274
苏州百年职业学院,120.7389321,31.27639963
昆山登云科技职业学院,120.8876598,31.39321709
南京视觉艺术职业学院,118.9227774,31.75341996
江苏城市职业学院,118.7497063,32.07112543
南京城市职业学院,118.7827519,31.99997456
南京机电职业技术学院,118.8829649,31.38805819
苏州高博软件技术职业学院,120.4132554,31.3229986
南京旅游职业学院,118.8863355,31.93104004
江苏卫生健康职业学院,118.7723668,32.04409961
苏州信息职业技术学院,120.6290011,31.13720762
宿迁泽达职业技术学院,118.2778058,34.02154584
苏州工业园区服务外包职业学院,120.7446514,31.25826692
徐州幼儿师范高等专科学校,117.241512,34.29363751
徐州生物工程职业技术学院,117.1264119,34.26193805
江苏商贸职业学院,120.8845134,32.05461116
南通师范高等专科学校,120.5663303,32.39210567
扬州中瑞酒店职业学院,119.3507006,32.37128941
江苏护理职业学院,119.0423958,33.53659261
江苏财会职业学院,119.232851,34.65232055
江苏城乡建设职业学院,119.9503395,31.72980935
江苏航空职业技术学院,119.7143938,32.145391
江苏安全技术职业学院,117.2441868,34.26466639
江苏旅游职业学院,119.4055634,32.30272733
常州幼儿师范高等专科学校,119.965458,31.696161
浙江大学,120.1201468,30.26493029
杭州电子科技大学,120.3749812,30.30376681
浙江工业大学,120.2947758,30.40239356
浙江理工大学,120.3486586,30.31549297
浙江海洋大学,122.1858936,29.96293055
浙江农林大学,119.7236315,30.23996277
温州医科大学,120.7068478,27.92847213
浙江中医药大学,119.8848607,30.08798849
浙江师范大学,119.6418491,29.11161044
杭州师范大学,120.3895996,30.3179683
湖州师范学院,120.1295435,30.87725479
绍兴文理学院,120.5888953,30.01828271
台州学院,121.1593511,28.87972633
温州大学,120.691219,27.92122995
丽水学院,119.9012631,28.46175569
浙江工商大学,120.3851398,30.31170428
嘉兴学院,120.7086399,30.73952215
中国美术学院,120.0715627,30.1657496
中国计量大学,120.3714589,30.32203073
浙江万里学院,121.6271361,29.82997088
浙江科技学院,120.020487,30.22242122
宁波工程学院,121.528996,29.88232393
浙江水利水电学院,120.3688045,30.31651496
浙江财经大学,120.1371194,30.2823234
浙江警察学院,119.7296373,30.28027544
衢州学院,118.8641672,28.98569655
宁波大学,121.601199,29.94472582
浙江传媒学院,120.3390905,30.32305257
浙江树人学院,120.1541991,30.3226769
浙江越秀外国语学院,120.5306543,30.07265887
宁波财经学院,121.4775783,29.88948255
浙大城市学院,120.1507469,30.32509252
浙大宁波理工学院,121.5704186,29.81783185
杭州医学院,119.7321735,30.21290906
浙江广厦建设职业技术大学,120.2399099,29.30090725
浙江工业大学之江学院,120.0785861,30.168045
浙江师范大学行知学院,119.6323736,29.13477265
宁波大学科学技术学院,121.2921224,30.18749966
杭州电子科技大学信息工程学院,120.0807158,30.25176478
浙江理工大学科技与艺术学院,120.1368019,30.27780753
浙江农林大学暨阳学院,120.2501346,29.7520291
温州医科大学仁济学院,121.130503,27.85065607
浙江中医药大学滨江学院,120.1455125,30.17787479
杭州师范大学钱江学院,120.3848186,30.31847696
湖州学院,120.129763,30.879427
绍兴文理学院元培学院,120.5376373,30.07467892
温州理工学院,120.71373,27.936715
浙江工商大学杭州商学院,120.3847729,30.31123528
嘉兴南湖学院,120.735976,30.752886
中国计量大学现代科技学院,120.3723528,30.32277631
浙江财经大学东方学院,120.4344865,30.42966997
温州商学院,120.6840249,27.92061379
同济大学浙江学院,120.781079,30.736821
上海财经大学浙江学院,119.6917885,29.08250103
浙江外国语学院,120.0240803,30.22073962
浙江音乐学院,120.0541625,30.15860695
西湖大学,120.075583,30.13659843
浙江药科职业大学,121.5673,29.827583
宁波诺丁汉大学,121.5582274,29.80263998
温州肯恩大学,120.6488961,27.92135492
宁波职业技术学院,121.8201317,29.89585814
温州职业技术学院,120.6769526,28.01255046
浙江交通职业技术学院,120.0875183,30.34854437
金华职业技术学院,119.6314329,29.0645813
宁波城市职业技术学院,121.5671822,29.81101428
浙江电力职业技术学院,120.1466941,30.32198901
浙江同济科技职业学院,120.3049438,30.245703
浙江工商职业技术学院,121.2434265,30.20166578
台州职业技术学院,121.2155854,28.11362975
浙江工贸职业技术学院,120.9548605,27.9345247
浙江机电职业技术学院,120.1479912,30.17796969
浙江建设职业技术学院,120.1313842,30.28308512
浙江艺术职业学院,120.1519264,30.17728382
浙江经贸职业技术学院,120.378209,30.31879261
浙江商业职业技术学院,120.1591938,30.17740179
浙江经济职业技术学院,120.374449,30.31118647
浙江旅游职业学院,120.2978095,30.24560704
浙江育英职业技术学院,120.347156,30.30706049
浙江警官职业学院,120.3558265,30.31579286
浙江金融职业学院,120.3785628,30.32198128
浙江工业职业技术学院,120.5320787,30.07917765
杭州职业技术学院,120.348676,30.32302022
嘉兴职业技术学院,121.0188016,30.68570983
湖州职业技术学院,120.1263212,30.87858255
绍兴职业技术学院,120.5569363,29.98344208
衢州职业技术学院,118.8623585,28.98065994
丽水职业技术学院,119.9056367,28.47660617
浙江东方职业技术学院,120.7459781,27.96830971
义乌工商职业技术学院,120.0935073,29.30040648
浙江纺织服装职业技术学院,121.6189558,29.91645475
杭州科技职业技术学院,120.1580387,30.26838556
浙江长征职业技术学院,120.0148381,30.21035109
嘉兴南洋职业技术学院,120.7011005,30.78946732
杭州万向职业技术学院,120.0716561,30.26052232
浙江邮电职业技术学院,120.7480954,30.14355276
宁波卫生职业技术学院,121.5640872,29.80937274
台州科技职业学院,121.2568136,28.66914447
浙江国际海运职业技术学院,122.1814403,29.98987188
浙江体育职业技术学院,119.203473,29.55815399
温州科技职业学院,120.6281323,27.98675696
浙江汽车职业技术学院,121.1663021,28.87720949
浙江横店影视职业学院,120.3266224,29.14818107
浙江农业商贸职业学院,120.6411008,30.07317874
浙江特殊教育职业学院,120.0100323,30.20704327
浙江安防职业技术学院,120.5530955,27.97239203
浙江宇翔职业技术学院,119.6646584,30.62340388
浙江金华科贸职业技术学院,119.666958,29.130549
浙江舟山群岛新区旅游与健康职业学院,122.3922024,29.9151517
宁波幼儿师范高等专科学校,121.2417399,30.32219709
安徽大学,117.1796967,31.76785263
中国科学技术大学,117.2759696,31.82372897
合肥工业大学,117.2915254,31.84439532
安徽工业大学,118.5089613,31.6939749
安徽理工大学,117.0142696,32.55391029
安徽工程大学,118.4747781,31.35425818
安徽农业大学,117.2514824,31.8640722
安徽医科大学,117.2577573,31.85092456
蚌埠医学院,117.4261278,32.90723384
皖南医学院,118.3552524,31.29017253
安徽中医药大学,117.385346,31.93998404
安徽师范大学,118.3694988,31.33628347
阜阳师范大学,115.7993437,32.89523484
安庆师范大学,116.9923924,30.61010758
淮北师范大学,116.8056204,33.98514753
黄山学院,118.2853909,29.71769657
皖西学院,116.4785174,31.76342047
滁州学院,118.2970852,32.29390662
安徽财经大学,117.4188773,32.90293038
宿州学院,116.9886311,33.63058547
巢湖学院,117.9246898,31.65179072
淮南师范学院,117.00468,32.64436264
铜陵学院,117.8226985,30.93792366
安徽建筑大学,117.2179849,31.74620017
安徽科技学院,117.5581231,32.87611014
安徽三联学院,117.196297,31.75676846
合肥学院,117.2473756,31.75398361
蚌埠学院,117.417818,32.89126705
池州学院,117.5625086,30.6459427
安徽新华学院,117.1784587,31.82794434
安徽文达信息工程学院,117.0156498,31.7454171
亳州学院,115.7631935,33.80393743
安徽外国语学院,117.0183008,31.74145611
蚌埠工商学院,117.2656557,32.91602721
安徽大学江淮学院,117.3315666,31.87664347
安徽信息工程学院,118.6265527,31.13817139
马鞍山学院,118.5280037,31.56618447
合肥城市学院,117.603333,31.613384
合肥经济学院,117.398975,31.939497
安徽师范大学皖江学院,118.3810875,31.34378854
安徽医科大学临床医学院,117.2577573,31.85092456
阜阳师范大学信息工程学院,115.7995738,32.89479155
淮北理工学院,116.834442,34.03103
合肥师范学院,117.5841707,31.61084871
皖江工学院,118.3220845,31.61442987
安徽艺术学院,117.3661222,31.92961782
安徽职业技术学院,117.3738402,31.93030706
淮北职业技术学院,116.892563,33.91235947
芜湖职业技术学院,118.3707942,31.39336347
淮南联合大学,117.004858,32.64660053
安徽商贸职业技术学院,118.3620252,31.29121868
安徽水利水电职业技术学院,117.4209753,31.82710044
阜阳职业技术学院,115.7850279,32.88936536
铜陵职业技术学院,117.857643,30.96505991
民办万博科技职业学院,117.2003583,31.86428805
安徽警官职业学院,117.2185977,31.878355
淮南职业技术学院,117.0074491,32.62343518
安徽工业经济职业技术学院,117.3235137,31.8219044
合肥通用职业技术学院,117.1962666,31.86013799
安徽工贸职业技术学院,116.9929213,32.64189594
宿州职业技术学院,116.9684945,33.72625504
六安职业技术学院,116.5390802,31.83377294
安徽电子信息职业技术学院,117.418062,32.89889835
民办合肥经济技术职业学院,117.2088531,31.89626201
安徽交通职业技术学院,117.2931959,31.83199378
安徽体育运动职业技术学院,117.3465935,31.77209688
安徽中医药高等专科学校,118.370977,31.30218517
安徽医学高等专科学校,117.2211728,31.78940596
合肥职业技术学院,117.9044833,31.61530266
滁州职业技术学院,118.2990274,32.24991863
池州职业技术学院,117.4689936,30.66241721
宣城职业技术学院,118.7245226,30.91144901
安徽广播影视职业技术学院,117.3688881,31.93027642
民办合肥滨湖职业技术学院,117.2475069,31.7249079
安徽电气工程职业技术学院,117.1890009,31.83067905
安徽冶金科技职业学院,118.4922896,31.6630367
安徽城市管理职业学院,117.2289061,31.7628152
安徽机电职业技术学院,118.3563912,31.28511589
安徽工商职业学院,117.254656,31.96147165
安徽中澳科技职业学院,117.2460964,31.87984043
阜阳科技职业学院,115.7829646,32.89905512
亳州职业技术学院,115.7626041,33.84582491
安徽国防科技职业学院,116.505739,31.73817581
安庆职业技术学院,116.84515,30.7528879
安徽艺术职业学院,117.2906871,31.85085311
马鞍山师范高等专科学校,118.4910053,31.65761696
安徽财贸职业学院,117.3605064,31.84564016
安徽国际商务职业学院,117.2643421,31.98701723
安徽公安职业学院,117.1718413,31.83111162
安徽林业职业技术学院,117.1818267,31.84366298
安徽审计职业学院,117.299602,31.81862647
安徽新闻出版职业技术学院,117.2379955,31.77973111
安徽邮电职业技术学院,117.2274531,31.8508974
安徽工业职业技术学院,117.7939246,30.93643403
民办合肥财经职业学院,117.1705946,31.75824914
安庆医药高等专科学校,116.9697497,30.61461647
安徽涉外经济职业学院,117.3866971,31.93538604
安徽绿海商务职业学院,117.193333,31.75154346
合肥共达职业技术学院,117.1987646,31.77516317
蚌埠经济技术职业学院,117.3634682,33.15555735
民办安徽旅游职业学院,116.2720846,32.61145186
徽商职业学院,117.2561098,31.83912076
马鞍山职业技术学院,118.5561039,31.66493862
安徽现代信息工程职业学院,116.7885687,32.55616139
安徽矿业职业技术学院,116.7837058,33.95038195
合肥信息技术职业学院,117.1692462,31.7600683
桐城师范高等专科学校,116.9370165,31.05215237
黄山职业技术学院,118.1356216,30.27533344
滁州城市职业学院,118.289959,32.24745467
安徽汽车职业技术学院,117.2668079,31.74098607
皖西卫生职业学院,116.5267426,31.76951172
合肥幼儿师范高等专科学校,117.3718903,31.92218549
安徽扬子职业技术学院,118.2725668,31.23159434
安徽黄梅戏艺术职业学院,116.9783194,30.62221742
安徽粮食工程职业学院,117.2257529,31.85675768
安徽卫生健康职业学院,117.5613022,30.63939343
合肥科技职业学院,117.025203,31.74865886
皖北卫生职业学院,117.0759196,33.62710764
阜阳幼儿师范高等专科学校,115.7742719,32.90088469
黄山健康职业学院,118.1356216,30.27533344
宿州航空职业学院,117.23563,33.678243
厦门大学,118.0886271,24.43846482
华侨大学,118.6387159,24.93317049
福州大学,119.184601,26.05307244
福建工程学院,119.1941489,26.03081361
福建农林大学,119.232129,26.08593644
集美大学,118.0896144,24.58488326
福建医科大学,119.1819318,26.07219402
福建中医药大学,119.1750244,26.07639349
福建师范大学,119.3045466,26.03870046
闽江学院,119.2352451,26.07277376
武夷学院,117.9988747,27.73163023
宁德师范学院,119.5889428,26.65983812
泉州师范学院,118.3006569,25.18919591
闽南师范大学,117.5741035,24.4970793
厦门理工学院,118.078135,24.62427621
三明学院,117.5595481,26.19628979
龙岩学院,117.0182622,25.03249904
福建商学院,119.5003546,26.07742553
福建警察学院,119.3112395,26.02890362
莆田学院,119.0483367,25.5114703
仰恩大学,118.6040942,25.11295534
厦门医学院,118.0837344,24.45203954
厦门华厦学院,118.0780996,24.63254176
闽南理工学院,118.680118,24.74581112
泉州职业技术大学,118.4640058,24.78188354
闽南科技学院,118.3995013,24.97713895
福州工商学院,119.0519775,25.90651959
厦门工学院,118.0613777,24.6189915
阳光学院,119.2916939,26.08482036
厦门大学嘉庚学院,118.0432677,24.36977063
福州大学至诚学院,119.2669461,26.07801002
集美大学诚毅学院,118.0899398,24.59415525
福建师范大学协和学院,119.200096,26.02458392
福州外语外贸学院,119.4951953,25.92567907
福建江夏学院,119.1883541,26.0684288
泉州信息工程学院,118.5803379,24.94504858
福州理工学院,119.4662629,26.24290423
福建农林大学金山学院,119.2316056,26.08139047
福建技术师范学院,119.3066965,25.70499516
福建船政交通职业学院,119.308667,26.02202382
漳州职业技术学院,117.6353704,24.52537022
闽西职业技术学院,117.0265067,25.0657274
黎明职业大学,118.6240329,24.88324762
福建华南女子职业学院,119.1980986,26.02779409
福州职业技术学院,119.1528405,26.07707856
福建林业职业技术学院,118.1713606,26.64954218
福建信息职业技术学院,119.2879945,26.10824057
福建水利电力职业技术学院,117.3580459,25.93288262
福建电力职业技术学院,118.5822002,24.94940974
厦门海洋职业技术学院,118.2513796,24.5953194
福建农业职业技术学院,119.3109686,26.03844491
福建卫生职业技术学院,119.1887612,26.13193238
泉州医学高等专科学校,118.7079018,25.03715658
福州英华职业学院,119.1676031,26.14206527
泉州纺织服装职业学院,118.666946,24.7399158
泉州华光职业学院,118.6962352,24.96278435
闽北职业技术学院,118.2466169,26.58248655
福州黎明职业技术学院,119.1749066,25.90975984
厦门演艺职业学院,118.2612856,24.58575178
厦门华天涉外职业技术学院,118.2454993,24.60697241
福州科技职业技术学院,119.2421366,26.08269472
泉州经贸职业技术学院,118.5363792,24.90733933
福建对外经济贸易职业技术学院,119.2920336,26.01526898
湄洲湾职业技术学院,119.0849644,25.50060292
福建生物工程职业技术学院,119.2485162,26.10761951
福建艺术职业学院,119.1441736,26.14089182
福建幼儿师范高等专科学校,119.25989,26.03039186
厦门城市职业学院,118.0810952,24.46760665
泉州工艺美术职业学院,118.2316169,25.50554664
三明医学科技职业学院,117.6363303,26.25326164
宁德职业技术学院,119.6517129,27.09786383
福州软件职业技术学院,119.6984757,25.97224972
厦门兴才职业技术学院,118.0328129,24.61644081
厦门软件职业技术学院,118.0700517,24.61859842
福建体育职业技术学院,119.2949103,26.11574542
漳州城市职业学院,117.6288703,24.52783991
厦门南洋职业学院,118.2482171,24.60378912
厦门东海职业技术学院,118.1676468,24.748413
漳州科技职业学院,117.5317323,24.07940757
漳州理工职业学院,117.7399423,24.50663854
武夷山职业学院,117.9942064,27.72312291
漳州卫生职业学院,117.6288792,24.53072278
泉州海洋职业学院,118.7466662,24.76455301
泉州轻工职业学院,118.5440437,24.81502123
厦门安防科技职业学院,118.2561767,24.59127411
泉州幼儿师范高等专科学校,118.2990401,25.32663012
闽江师范高等专科学校,119.3670624,25.99854973
泉州工程职业技术学院,118.4407298,24.96791972
福州墨尔本理工职业学院,119.1569818,26.0735606
南昌大学,115.9003612,28.68775842
华东交通大学,115.8648877,28.74731408
东华理工大学,116.3485067,28.00523381
南昌航空大学,115.8236,28.65426577
江西理工大学,114.909056,25.86346117
景德镇陶瓷大学,117.3114203,29.3314716
江西农业大学,115.8473102,28.75653433
江西中医药大学,115.7439575,28.68064484
赣南医学院,114.8975,25.77815482
江西师范大学,116.0262731,28.68300486
上饶师范学院,117.96547,28.42009078
宜春学院,114.3767506,27.80813827
赣南师范大学,114.9269377,25.85413904
井冈山大学,114.2838824,26.75139205
江西财经大学,115.8494161,28.7443987
江西科技学院,116.0143399,28.68369618
景德镇学院,117.2384924,29.37987711
萍乡学院,113.8746461,27.62980324
江西科技师范大学,115.8144648,28.67037386
南昌工程学院,116.0259636,28.69262904
江西警察学院,115.7498964,28.66795926
新余学院,114.9907605,27.86109038
九江学院,115.9910821,29.71350517
江西工程学院,114.8392439,27.77939307
南昌理工学院,115.8561122,28.78570057
江西应用科技学院,115.6980573,28.6680042
江西服装学院,115.946318,28.45779517
南昌职业大学,115.9391454,28.54889668
南昌工学院,116.0259636,28.69262904
南昌大学科学技术学院,115.9398492,28.68120597
南昌大学共青学院,115.8021838,29.23072094
南昌交通学院,115.838157,28.711271
赣东学院,116.503896,28.025827
南昌航空大学科技学院,115.9354517,28.65882128
赣南科技学院,114.924396,25.843912
景德镇艺术职业大学,117.238347,29.353724
江西农业大学南昌商学院,116.0243968,28.6799022
南昌医学院,115.898751,28.579704
江西师范大学科学技术学院,115.9189774,28.67894997
赣南师范大学科技学院,114.9267063,25.85244515
南昌应用技术师范学院,115.757654,28.617102
江西财经大学现代经济管理学院,115.8621732,28.74753674
豫章师范学院,115.9466589,28.68192033
江西软件职业技术大学,115.811265,28.89910973
南昌师范学院,115.9164438,28.54708602
上饶幼儿师范高等专科学校,117.9768605,28.42117676
抚州幼儿师范高等专科学校,116.4073477,27.95177102
江西工业职业技术学院,115.940211,28.718994
江西医学高等专科学校,117.9718064,28.42166319
九江职业大学,115.9571934,29.70427902
九江职业技术学院,116.0071144,29.66947956
江西司法警官职业学院,115.839032,28.71216311
江西陶瓷工艺美术职业技术学院,117.206379,29.38045561
江西旅游商贸职业学院,115.7835745,28.70891935
江西电力职业技术学院,115.8037226,28.72078244
江西环境工程职业学院,114.9098799,25.88713942
江西艺术职业学院,115.8541076,28.75942246
鹰潭职业技术学院,117.0414241,28.23040388
江西信息应用职业技术学院,115.9009527,28.59074266
江西交通职业技术学院,115.8548773,28.73869849
江西财经职业学院,115.989786,29.70759731
江西应用技术职业学院,114.8887872,25.80571036
江西现代职业技术学院,115.9942881,28.67373868
江西工业工程职业技术学院,113.8968696,27.66558579
江西机电职业技术学院,115.7351011,28.7363935
江西科技职业学院,115.9548206,28.48160738
江西外语外贸职业学院,116.0262896,28.70142937
江西工业贸易职业技术学院,115.7825108,28.65695901
宜春职业技术学院,114.3629676,27.80049984
江西应用工程职业学院,113.9745805,27.62367044
江西生物科技职业学院,115.9330357,28.56558316
江西建设职业技术学院,115.8773253,28.57554652
抚州职业技术学院,116.3897707,27.95799107
江西中医药高等专科学校,116.3528404,27.97193592
江西经济管理职业学院,115.7961086,28.64254446
江西制造职业技术学院,115.9338266,28.652344
江西工程职业学院,115.8929365,28.652961
江西青年职业学院,115.8558073,28.74796931
上饶职业技术学院,117.8550853,29.28890463
江西航空职业技术学院,115.9281203,28.4973668
江西农业工程职业学院,115.5514373,28.0507216
赣西科技职业学院,114.927105,27.83543674
江西卫生职业学院,115.8860962,28.57961296
江西新能源科技职业学院,115.0138988,27.83541868
江西枫林涉外经贸职业学院,115.723785,29.13504985
江西泰豪动漫职业学院,115.8718911,28.57659262
江西冶金职业技术学院,114.9220267,27.80011569
江西管理职业学院,115.818002,28.76679876
江西传媒职业学院,115.9522943,28.74973475
江西工商职业技术学院,115.962842,28.454084
景德镇陶瓷职业技术学院,117.2283448,29.36253075
共青科技职业学院,115.7693404,29.25230331
赣州师范高等专科学校,114.8919093,25.79705701
江西水利职业学院,115.870474,28.75460442
宜春幼儿师范高等专科学校,114.3335861,27.81502938
吉安职业技术学院,114.9032169,27.04283642
江西洪州职业学院,115.7664625,28.2438304
江西师范高等专科学校,117.0538609,28.30423589
南昌影视传播职业学院,115.9487388,28.7471482
赣南卫生健康职业学院,114.889135,25.77473944
萍乡卫生职业学院,113.9197069,27.6549447
江西婺源茶业职业学院,117.8358582,29.27198481
赣州职业技术学院,114.7677168,25.79732226
南昌健康职业技术学院,115.9983688,28.6751684
九江理工职业学院,115.9168047,29.60721612
和君职业学院,115.60954,25.84205
山东大学,117.0454472,36.60008039
中国海洋大学,120.494026,36.16148543
山东科技大学,120.1175546,36.00252893
中国石油大学（华东）,120.0270524,35.77043771
青岛科技大学,120.3808251,36.15179238
济南大学,116.9623478,36.61413145
青岛理工大学,120.1991289,35.97396442
山东建筑大学,117.0380841,36.66473309
齐鲁工业大学,117.0396265,36.64299352
山东理工大学,117.9958158,36.80931323
山东农业大学,117.150512,36.16426087
青岛农业大学,120.3822578,36.31996906
潍坊医学院,119.0279286,36.66554807
山东第一医科大学,116.8628032,36.67644635
滨州医学院,118.0069683,37.3720452
山东中医药大学,116.7956661,36.55982529
济宁医学院,116.5902137,35.3965629
山东师范大学,116.8282045,36.54677887
曲阜师范大学,116.961415,35.59547266
聊城大学,115.9897892,36.43465803
德州学院,116.3269939,37.47039281
滨州学院,117.9807891,37.38507988
鲁东大学,121.3550417,37.51932093
临沂大学,117.9654062,35.27615333
泰山学院,117.0332689,36.22249897
济宁学院,116.9524096,35.54863461
菏泽学院,116.079863,34.77695576
山东财经大学,117.0670775,36.6446818
山东体育学院,117.1874183,36.68484511
山东艺术学院,117.0400624,36.65607803
齐鲁医药学院,117.9096109,36.82537573
青岛滨海学院,120.1603563,35.97992063
枣庄学院,117.5323557,34.90218429
山东工艺美术学院,117.0519202,36.65462881
青岛大学,120.4137407,36.07214213
烟台大学,121.4532288,37.47471698
潍坊学院,119.1743518,36.71699645
山东警察学院,117.5221472,36.65155118
山东交通学院,116.9590459,36.68292351
山东工商学院,121.441844,37.48456352
山东女子学院,117.0048325,36.63368782
烟台南山学院,120.48773,37.59827
潍坊科技学院,118.7695662,36.88413223
山东英才学院,117.1041859,36.85369236
青岛恒星科技学院,120.4850789,36.17414169
青岛黄海学院,120.1070773,35.92345384
山东现代学院,117.349444,36.67157164
山东协和学院,117.2637467,36.7335945
山东工程职业技术大学,117.1119229,37.19184628
烟台理工学院,121.48439,37.460837
聊城大学东昌学院,116.0340405,36.45130903
青岛城市学院,120.511203,36.313194
潍坊理工学院,118.4777235,36.62032658
山东财经大学燕山学院,117.7145347,36.24296851
山东石油化工学院,118.551188,37.474309
山东外国语职业技术大学,119.5265761,35.47033907
泰山科技学院,117.289707,36.248227
山东华宇工学院,116.3534756,37.46409895
山东外事职业大学,121.7452614,36.87183225
青岛工学院,120.0153056,36.23934776
青岛农业大学海都学院,120.7194988,36.98564679
齐鲁理工学院,117.5381008,36.67584221
山东财经大学东方学院,117.0780944,36.12332182
烟台科技学院,120.714115,37.817073
山东政法学院,117.0827307,36.66624698
齐鲁师范学院,117.4900101,36.65486358
山东青年政治学院,117.2337287,36.67192886
青岛电影学院,120.267158,35.976245
山东管理学院,116.7792869,36.52997405
山东农业工程学院,117.0885159,36.69448621
山东医学高等专科学校,118.6324927,35.79611881
菏泽医学专科学校,115.4702445,35.27136431
山东商业职业技术学院,117.2648138,36.63364763
山东电力高等专科学校,117.0196456,36.59488679
日照职业技术学院,119.4462931,35.43268844
曲阜远东职业技术学院,117.0571381,35.55865798
青岛职业技术学院,120.0065603,36.23418643
威海职业学院,121.9354466,37.44603896
山东职业学院,117.0413758,36.68628383
山东劳动职业技术学院,116.9670002,36.64598566
莱芜职业技术学院,117.722973,36.24432161
济宁职业技术学院,116.5862076,35.43598529
潍坊职业学院,119.2000571,37.08582262
烟台职业学院,121.5300781,37.43514983
东营职业学院,118.6180371,37.43550605
聊城职业技术学院,115.9966605,36.48471903
滨州职业学院,117.992819,37.41780224
山东科技职业学院,119.018164,36.66260243
山东服装职业学院,117.1684107,36.21574721
德州科技职业学院,116.6093971,36.9430254
山东力明科技职业学院,117.0675116,36.12876839
山东圣翰财贸职业学院,116.8413828,36.56716742
山东水利职业学院,119.5463844,35.45586721
山东畜牧兽医职业学院,119.4039521,36.86925834
青岛飞洋职业技术学院,120.3216941,36.31671626
东营科技职业学院,118.6180371,37.43550605
山东交通职业学院,118.5056408,36.67397911
淄博职业学院,117.8487124,36.48561074
山东外贸职业学院,120.3789419,36.07472884
青岛酒店管理职业技术学院,120.484753,36.16877914
山东信息职业技术学院,119.1485569,36.71029198
青岛港湾职业技术学院,120.0175282,35.81093803
山东胜利职业学院,118.5284793,37.46662956
山东经贸职业学院,119.0886453,36.68193631
山东工业职业学院,118.0760982,36.88795691
山东化工职业学院,118.1785824,36.76750697
青岛求实职业技术学院,120.3372127,36.23132325
济南职业学院,117.2491593,36.63010537
烟台工程职业技术学院,121.2217366,37.55860743
潍坊工商职业学院,119.4905733,35.95771571
德州职业技术学院,116.3541295,37.4592358
枣庄科技职业学院,117.1824847,35.10682676
淄博师范高等专科学校,117.8904721,36.66098594
山东中医药高等专科学校,121.6288468,37.43856192
济南工程职业技术学院,117.491015,36.68086982
山东电子职业技术学院,117.5149658,36.66453308
山东旅游职业学院,117.5327101,36.67252486
山东铝业职业学院,118.04191,36.75519794
山东杏林科技职业学院,116.885718,36.58414131
泰山职业技术学院,117.1437163,36.18626119
山东药品食品职业学院,121.9355522,37.43318529
山东商务职业学院,121.5028525,37.42547857
山东轻工职业学院,117.8554796,36.77345968
山东城市建设职业学院,117.0772895,36.65088376
烟台汽车工程职业学院,121.2428783,37.44728114
山东司法警官职业学院,117.523597,36.64424431
菏泽家政职业学院,116.0924948,34.75962406
山东传媒职业学院,117.0610019,36.65327116
临沂职业学院,118.4184378,34.98903467
枣庄职业学院,117.2938092,34.82870048
山东理工职业学院,116.5705125,35.35669208
山东文化产业职业学院,121.5300781,37.43514983
青岛远洋船员职业学院,120.3900926,36.07698939
济南幼儿师范高等专科学校,116.794798,36.50129043
济南护理职业学院,117.2233112,36.64015435
泰山护理职业学院,117.0975715,36.20252608
山东海事职业学院,119.1871285,37.08256853
潍坊护理职业学院,118.4650455,36.67819236
潍坊工程职业学院,118.4697649,36.676184
菏泽职业学院,115.4714543,35.28013832
山东艺术设计职业学院,117.0441348,36.71040541
威海海洋职业学院,122.4343353,37.0631699
山东特殊教育职业学院,116.9564072,36.61728202
烟台黄金职业学院,120.2395589,37.52846398
日照航海工程职业学院,119.4462931,35.43268844
青岛工程职业学院,120.2290372,36.25712514
青岛幼儿师范高等专科学校,120.1085893,36.1732218
烟台幼儿师范高等专科学校,120.720727,37.80240041
烟台文化旅游职业学院,121.4788577,37.41877866
临沂科技职业学院,118.4980125,35.11047035
青岛航空科技职业学院,120.3303936,36.71582758
潍坊环境工程职业学院,119.4111142,36.86856295
滨州科技职业学院,117.930855,37.399316
华北水利水电大学,113.7896396,34.78395351
郑州大学,113.6564194,34.78286576
河南理工大学,113.2155588,35.22814264
郑州轻工业大学,113.503472,34.81183362
河南工业大学,113.5993303,34.74118915
河南科技大学,112.3911773,34.65870887
中原工学院,113.6092214,34.75022112
河南农业大学,113.6567999,34.78717575
河南科技学院,113.9327147,35.28104086
河南牧业经济学院,113.8088969,34.80495874
河南中医药大学,113.0319692,34.43020636
新乡医学院,113.92831,35.28531431
河南大学,114.3633211,34.81213927
河南师范大学,114.0628105,35.29689298
信阳师范学院,114.0330444,32.14026295
周口师范学院,114.6776881,33.63761882
安阳师范学院,114.366557,36.05884065
许昌学院,113.8633855,34.04521659
南阳师范学院,112.4819696,32.97784768
洛阳师范学院,112.4616252,34.67855639
商丘师范学院,115.6237733,34.42562165
河南财经政法大学,113.6564446,34.80464261
郑州航空工业管理学院,113.7768954,34.78954761
黄淮学院,114.0005125,33.01226803
平顶山学院,113.2038498,33.74777661
郑州工程技术学院,113.6235171,34.86436532
洛阳理工学院,112.4275588,34.60697982
新乡学院,113.7988695,35.1913816
信阳农林学院,114.1190087,32.16315513
河南工学院,113.9480686,35.30115166
安阳工学院,114.3440363,36.06527547
河南工程学院,113.6092526,34.75431947
河南财政金融学院,113.8556342,34.7785525
南阳理工学院,112.5749921,33.00868917
河南城建学院,113.1855604,33.77455663
河南警察学院,113.6578718,34.79185895
黄河科技学院,113.6317559,34.72272132
铁道警察学院,113.645369,34.79016033
郑州科技学院,113.5031308,34.70934126
郑州工业应用技术学院,113.7512326,34.41383238
郑州师范学院,113.6504472,34.8624953
郑州财经学院,113.5950746,34.86253596
黄河交通学院,113.4254651,35.0890988
商丘工学院,115.6807388,34.41976463
河南开封科技传媒学院,114.306325,34.825581
中原科技学院,113.856546,34.786198
信阳学院,114.0316405,32.14554368
安阳学院,114.4644119,36.08225512
新乡医学院三全学院,113.9226295,35.28615458
新乡工程学院,113.903289,35.210127
郑州工商学院,113.8841446,34.79279049
郑州经贸学院,113.713771,34.61655586
商丘学院,115.714646,34.40733674
郑州商学院,113.0229328,34.76175651
河南科技职业大学,114.7222884,33.63371796
郑州升达经贸管理学院,113.6844773,34.59370015
郑州西亚斯学院,113.7574192,34.39762939
河南职业技术学院,113.7847886,34.79760503
漯河职业技术学院,114.0033417,33.57057787
三门峡职业技术学院,111.1557585,34.78926196
郑州铁路职业技术学院,113.6855154,34.70601233
开封大学,114.328552,34.82768547
焦作大学,113.2704275,35.2146764
濮阳职业技术学院,115.0223748,35.71115617
郑州电力高等专科学校,113.8921501,34.79915741
黄河水利职业技术学院,114.3144861,34.8284626
许昌职业技术学院,113.8772214,34.01874046
河南工业和信息化职业学院,113.2837695,35.1974358
河南水利与环境职业学院,113.8241749,34.38200701
商丘职业技术学院,115.6496308,34.37505198
平顶山工业职业技术学院,113.2818151,33.71199935
周口职业技术学院,114.7089216,33.63424343
济源职业技术学院,112.5961492,35.07690581
河南司法警官职业学院,113.6539617,34.80942651
鹤壁职业技术学院,114.2776234,35.71017186
河南工业职业技术学院,112.5912853,33.03980123
郑州澍青医学高等专科学校,113.527408,34.69887668
焦作师范高等专科学校,113.2671955,35.21323592
河南检察职业学院,113.7016038,34.60879542
河南质量工程职业学院,113.2852336,33.71378518
郑州信息科技职业学院,113.796514,34.80448555
漯河医学高等专科学校,114.0064059,33.56739223
南阳医学高等专科学校,112.4961219,32.96970441
商丘医学高等专科学校,115.7027458,34.35865975
郑州电子信息职业技术学院,114.0255194,34.70194972
信阳职业技术学院,114.1291008,32.16492224
嵩山少林武术职业学院,113.0017037,34.47236335
郑州工业安全职业学院,113.6769788,34.53306751
永城职业学院,116.4520251,33.91758164
河南经贸职业学院,113.792368,34.80182523
河南交通职业技术学院,113.631079,34.71803162
河南农业职业学院,114.0048951,34.73249331
郑州旅游职业学院,113.892092,34.80515885
郑州职业技术学院,113.4442407,34.7645979
河南信息统计职业学院,113.6804169,34.80006367
河南林业职业学院,112.4939569,34.68914317
河南工业贸易职业学院,113.6541667,34.77058732
郑州电力职业技术学院,113.9870735,34.72224938
河南建筑职业技术学院,113.5172716,34.71278253
漯河食品职业学院,113.9840082,33.63349755
郑州城市职业学院,113.3331629,34.54746865
安阳职业技术学院,114.4644119,36.08225512
新乡职业技术学院,113.7988695,35.1913816
驻马店职业技术学院,113.9955251,33.00523821
焦作工贸职业学院,112.9190148,35.09800081
许昌陶瓷职业学院,113.4889473,34.17668126
郑州理工职业学院,113.700701,34.43956215
郑州信息工程职业学院,113.4548398,34.74523472
长垣烹饪职业技术学院,114.6994463,35.17547853
开封文化艺术职业学院,114.3336041,34.82594576
河南应用技术职业学院,113.5331277,34.77365911
河南艺术职业学院,113.6571773,34.80715224
河南机电职业学院,113.8066144,34.39269635
河南护理职业学院,114.3789773,36.0309211
许昌电气职业学院,113.8512098,34.07301664
信阳涉外职业技术学院,114.8775442,31.67698221
鹤壁汽车工程职业学院,114.3061027,35.7042776
南阳职业学院,111.4848201,33.35406822
郑州商贸旅游职业学院,113.3313032,34.55827342
河南推拿职业学院,112.4193807,34.6200221
洛阳职业技术学院,112.3687207,34.61483938
郑州幼儿师范高等专科学校,113.8510578,34.77728321
安阳幼儿师范高等专科学校,114.4644119,36.08225512
郑州黄河护理职业学院,113.5212328,34.7882504
河南医学高等专科学校,113.7011352,34.61612936
郑州财税金融职业学院,113.7113029,34.70629673
南阳农业职业学院,112.51156,32.98253271
洛阳科技职业学院,112.2838725,34.68843294
鹤壁能源化工职业学院,114.3020638,35.70562182
平顶山文化艺术职业学院,113.304359,33.73993804
濮阳医学高等专科学校,115.0231159,35.71222406
驻马店幼儿师范高等专科学校,113.9852808,33.06720764
三门峡社会管理职业学院,111.0044952,34.698283
河南轻工职业学院,113.6823274,34.79973419
河南测绘职业学院,113.8307877,34.47266961
信阳航空职业学院,114.1408118,32.05984027
郑州卫生健康职业学院,113.4046471,34.71638828
河南物流职业学院,113.6900629,35.00117487
河南地矿职业学院,113.8453083,34.78867416
郑州亚欧交通职业学院,113.6466249,34.74137745
河南女子职业学院,113.6914761,35.10943125
河南对外经济贸易职业学院,114.2276648,34.82972988
濮阳石油化工职业技术学院,115.0223748,35.71115617
南阳科技职业学院,112.105705,32.67368926
兰考三农职业学院,114.7921635,34.79987742
汝州职业技术学院,112.8731989,34.24182856
林州建筑职业技术学院,113.8644734,36.07075988
郑州电子商务职业学院,113.7348249,34.68424288
郑州轨道工程职业学院,113.4729743,34.77543725
郑州体育职业学院,112.9984396,34.46239024
洛阳文化旅游职业学院,112.606801,34.597367
周口文理职业学院,114.699119,33.64978
信阳艺术职业学院,114.131658,32.22624
郑州城建职业学院,113.270375,34.762675
郑州医药健康职业学院,113.45711,34.437129
平顶山职业技术学院,113.0714658,33.82386287
武汉大学,114.348327,30.55642051
华中科技大学,114.2556166,30.58498609
武汉科技大学,114.3348531,30.51802169
长江大学,112.2094547,30.33625347
武汉工程大学,114.3849841,30.50447978
中国地质大学（武汉）,114.3931422,30.52322744
武汉纺织大学,114.3329525,30.37840284
武汉轻工大学,114.2170172,30.6556613
武汉理工大学,114.3332356,30.51476237
湖北工业大学,114.3042882,30.48192213
华中农业大学,114.333601,30.47910874
湖北中医药大学,114.2650842,30.45030205
华中师范大学,114.7895254,30.82529025
湖北大学,114.2622182,30.58922033
湖北师范大学,115.0528175,30.23764046
黄冈师范学院,114.8726691,30.45497676
湖北民族大学,109.4980228,30.29821481
汉江师范学院,110.784283,32.61880813
湖北文理学院,112.1375651,32.06578185
中南财经政法大学,114.3801785,30.47697005
武汉体育学院,114.4277904,30.39957852
湖北美术学院,114.4134807,30.39420823
中南民族大学,114.3873359,30.48823721
湖北汽车工业学院,110.8172058,32.58749612
湖北工程学院,113.9076781,30.93817152
湖北理工学院,115.0260384,30.1794047
湖北科技学院,114.2646774,29.86496571
湖北医药学院,110.7797573,32.62247503
江汉大学,114.1545246,30.51739734
三峡大学,111.3098153,30.72502514
湖北警官学院,114.2017421,30.60392999
荆楚理工学院,112.1864626,31.04727602
武汉音乐学院,114.2925793,30.54677312
湖北经济学院,114.4306722,30.42082989
武汉商学院,114.2398205,30.55284211
武汉东湖学院,114.3113843,30.42474018
汉口学院,114.3127658,30.4208541
武昌首义学院,114.3012807,30.49001
武昌理工学院,114.3103281,30.57664862
武汉生物工程学院,114.521324,30.71565573
武汉晴川学院,114.2388917,30.56293405
湖北大学知行学院,114.3673853,30.69137488
武汉城市学院,114.433983,30.592144
三峡大学科技学院,111.3140524,30.7257575
武汉文理学院,114.4108961,30.73592028
湖北工业大学工程技术学院,114.3019614,30.48078522
武汉工程大学邮电与信息工程学院,114.3863961,30.5196717
武汉纺织大学外经贸学院,114.4111638,30.38727985
武昌工学院,114.3105429,30.55620412
武汉工商学院,114.2713598,30.46262123
荆州学院,112.083538,30.371176
长江大学文理学院,112.1458943,30.35327159
湖北商贸学院,114.3714361,30.50291349
湖北汽车工业学院科技学院,110.733595,32.654371
湖北医药学院药护学院,110.7769973,32.62491447
湖北恩施学院,109.518978,30.297554
湖北经济学院法商学院,114.4271059,30.41491416
武汉体育学院体育科技学院,114.4277904,30.39957852
湖北师范大学文理学院,115.1103638,30.15587725
湖北文理学院理工学院,112.1375651,32.06578185
湖北工程学院新技术学院,113.8994969,30.93605217
文华学院,114.4329344,30.49640242
武汉学院,114.2905434,30.44460821
武汉工程科技学院,114.3332346,30.35111658
武汉华夏理工学院,114.406385,30.46928131
武汉传媒学院,114.4142403,30.44112394
武汉设计工程学院,114.4039169,30.40510225
湖北第二师范学院,114.3975646,30.375091
武汉职业技术学院,114.4107359,30.48698088
黄冈职业技术学院,114.9912279,30.43610006
长江职业学院,114.3903985,30.49923243
荆州理工职业学院,112.1955449,30.334493
湖北工业职业技术学院,110.7962178,32.62384544
鄂州职业大学,114.8949051,30.37454517
武汉城市职业学院,114.3167985,30.47888162
湖北职业技术学院,113.9201252,30.91009268
武汉船舶职业技术学院,114.2303257,30.57007873
恩施职业技术学院,109.4929531,30.3177616
襄阳职业技术学院,112.1386398,32.01495754
武汉工贸职业学院,114.409643,30.53174735
荆州职业技术学院,112.1451758,30.35180021
武汉工程职业技术学院,114.4161678,30.65249577
仙桃职业学院,113.4207382,30.3397337
湖北轻工职业技术学院,114.3391687,30.52425255
湖北交通职业技术学院,114.3774484,30.8720359
湖北中医药高等专科学校,112.2010638,30.36471696
武汉航海职业技术学院,114.3216641,30.5795134
武汉铁路职业技术学院,114.4042162,30.43378462
武汉软件工程职业学院,114.4215523,30.44745627
湖北三峡职业技术学院,111.2834722,30.70003637
随州职业技术学院,113.3600798,31.67101331
武汉电力职业技术学院,114.3604091,30.52709554
湖北水利水电职业技术学院,114.399434,30.37334081
湖北城市建设职业技术学院,114.4313153,30.40431461
武汉警官职业学院,114.1984294,30.59437557
湖北生物科技职业学院,114.3384162,30.46348357
湖北开放职业学院,114.3971415,30.64679024
武汉科技职业学院,114.3566147,30.60482048
武汉外语外事职业学院,114.4214223,30.58686743
武汉信息传播职业技术学院,114.3685479,30.40599614
武昌职业学院,114.3105429,30.55620412
武汉商贸职业学院,114.4559796,30.4389444
湖北艺术职业学院,114.3379044,30.52789388
武汉交通职业学院,114.2799098,30.59629806
咸宁职业技术学院,114.3093089,29.82944222
长江工程职业技术学院,114.3103284,30.40521658
江汉艺术职业学院,112.9030301,30.42521808
武汉民政职业学院,114.3729961,30.51155974
湖北黄冈应急管理职业技术学院,114.958245,30.447966
湖北财税职业学院,114.2930792,30.51769468
黄冈科技职业学院,114.8882153,30.45376523
湖北国土资源职业学院,114.0415819,30.32090767
湖北生态工程职业技术学院,114.3316289,30.34682925
三峡电力职业学院,111.3022967,30.70873216
湖北科技职业学院,114.3987025,30.47426192
湖北青年职业学院,114.3653859,30.51013255
湖北工程职业学院,115.0189835,30.18791068
三峡旅游职业技术学院,111.4227136,30.67065334
天门职业学院,113.1740614,30.67106558
湖北体育职业学院,114.4450939,30.49191993
襄阳汽车职业技术学院,112.1616607,32.02276538
湖北幼儿师范高等专科学校,114.3707383,30.41234379
湖北铁道运输职业学院,114.3429276,30.45922219
武汉海事职业学院,114.3306098,30.75591982
长江艺术工程职业学院,112.2083914,30.4424842
荆门职业学院,112.193547,30.99265112
武汉铁路桥梁职业学院,114.406139,30.43162326
武汉光谷职业学院,114.3672162,30.58035641
湖北健康职业学院,114.3453733,29.98716988
湖北孝感美珈职业学院,114.958245,30.447966
湘潭大学,112.85864,27.88572448
吉首大学,109.7201284,28.29090673
湖南大学,112.9261947,28.20167955
中南大学,112.985948,28.1432569
湖南科技大学,112.9141944,27.90770444
长沙理工大学,112.9709946,28.15595462
湖南农业大学,113.077618,28.18345395
中南林业科技大学,112.9890473,28.13524021
湖南中医药大学,112.8923235,28.13192407
湖南师范大学,112.9189233,28.17053719
湖南理工学院,113.1399181,29.3299726
湘南学院,113.0950291,25.78879307
衡阳师范学院,112.6712916,26.88429235
邵阳学院,111.4680727,27.22834004
怀化学院,110.0183309,27.57620334
湖南文理学院,111.6657222,29.05169471
湖南科技学院,111.6012712,26.20905337
湖南人文科技学院,111.9972256,27.71442558
湖南工商大学,112.9138884,28.22295294
南华大学,112.5818125,26.90363433
长沙医学院,112.8688381,28.29996302
长沙学院,113.0240081,28.24962553
湖南工程学院,112.9231691,27.85394304
湖南城市学院,112.3813586,28.54285055
湖南工学院,112.6794595,26.88567693
湖南财政经济学院,112.9194929,28.2078091
湖南警察学院,113.1243849,28.22588477
湖南工业大学,113.1660726,27.83168693
湖南女子学院,113.0024229,28.11902387
湖南第一师范学院,112.9670538,28.17927448
湖南医药学院,109.9977391,27.54246832
湖南涉外经济学院,112.8750149,28.20093662
湘潭大学兴湘学院,112.8560813,27.88187382
湖南工业大学科技学院,113.1641491,27.83239208
湖南科技大学潇湘学院,112.9180733,27.89739864
南华大学船山学院,112.5854524,26.90065577
湘潭理工学院,112.945556,27.78242767
湖南师范大学树达学院,112.9180508,28.17048101
湖南农业大学东方科技学院,113.0770312,28.18710116
中南林业科技大学涉外学院,112.9053831,28.3619782
湖南文理学院芙蓉学院,111.7152452,29.02851477
湖南理工学院南湖学院,113.1407348,29.34341662
衡阳师范学院南岳学院,112.7377456,27.2348156
湖南工程学院应用技术学院,112.9199687,27.81611489
湖南中医药大学湘杏学院,112.9912526,28.16686945
吉首大学张家界学院,110.4461296,29.15462418
长沙理工大学城南学院,112.9708811,28.15618999
长沙师范学院,113.0776692,28.25954234
湖南应用技术学院,111.6779025,28.99346007
湖南信息学院,113.079807,28.32329607
湖南交通工程学院,112.4989756,26.91796135
湖南软件职业技术大学,112.937142,27.912716
湘中幼儿师范高等专科学校,111.4118176,27.16466333
长沙民政职业技术学院,113.088825,28.21699679
湖南工业职业技术学院,112.9049013,28.14200212
株洲师范高等专科学校,113.1733832,27.89293345
湖南信息职业技术学院,113.0110314,28.19158377
湖南税务高等专科学校,112.9904331,28.1844968
湖南冶金职业技术学院,113.1603222,27.90051236
长沙航空职业技术学院,113.088825,28.21699679
湖南大众传媒职业技术学院,113.071199,28.2601432
永州职业技术学院,111.6245581,26.27346155
湖南铁道职业技术学院,113.1235216,27.88245646
湖南科技职业学院,112.9828979,28.00288523
湖南生物机电职业技术学院,113.0664804,28.20488017
湖南交通职业技术学院,113.1792396,28.14533274
湖南商务职业技术学院,112.8920117,28.23782283
湖南体育职业学院,113.0331951,28.151955
湖南工程职业技术学院,113.0629485,28.27839227
保险职业学院,112.992856,28.0969468
湖南外贸职业学院,112.9070521,28.35605454
湖南网络工程职业学院,112.9823234,28.1384279
邵阳职业技术学院,111.2842311,27.0080388
湖南司法警官职业学院,113.0897238,28.21236654
长沙商贸旅游职业技术学院,113.088825,28.21699679
湖南环境生物职业技术学院,112.6102838,27.00226435
湖南邮电职业技术学院,112.9703539,28.16419646
湘潭医卫职业技术学院,112.9537729,27.7490635
郴州职业技术学院,113.0875619,25.78393054
娄底职业技术学院,112.0172312,27.74483546
张家界航空工业职业技术学院,110.4494091,29.15049519
长沙环境保护职业技术学院,113.088825,28.21699679
湖南艺术职业学院,113.1212803,28.25947247
湖南机电职业技术学院,113.0541774,28.26442811
长沙职业技术学院,113.088825,28.21699679
怀化职业技术学院,109.9305815,27.53707412
岳阳职业技术学院,113.1100434,29.14719151
常德职业技术学院,111.6364835,29.03881239
长沙南方职业学院,113.0629485,28.27839227
潇湘职业学院,111.9975309,27.77112704
湖南化工职业技术学院,113.1645751,27.90574054
湖南城建职业技术学院,112.9451728,27.82001312
湖南石油化工职业技术学院,113.1591439,29.26492746
湖南中医药高等专科学校,113.1735843,27.82140395
湖南民族职业学院,113.1471911,29.29970673
湘西民族职业技术学院,109.676439,28.22841665
湖南财经工业职业技术学院,112.6435934,26.90338544
益阳职业技术学院,112.2445558,28.68573212
湖南工艺美术职业学院,112.3288827,28.57767724
湖南九嶷职业技术学院,111.6245581,26.27346155
湖南理工职业技术学院,112.9164748,27.84119713
湖南汽车工程职业学院,113.1806357,27.89144066
长沙电力职业技术学院,113.1028239,28.22363551
湖南水利水电职业技术学院,113.1001523,28.21729235
湖南现代物流职业技术学院,113.088825,28.21699679
湖南高速铁路职业技术学院,112.6920831,26.881006
湖南铁路科技职业技术学院,113.1522142,27.90634631
湖南安全技术职业学院,113.0521258,28.27345301
湖南电气职业技术学院,112.918476,27.81525347
湖南外国语职业学院,113.6556636,28.17789481
益阳医学高等专科学校,112.3903449,28.54014995
湖南都市职业学院,113.1784953,28.22698133
湖南电子科技职业学院,112.8175125,28.2070163
湖南国防工业职业技术学院,112.6445331,27.84932106
湖南高尔夫旅游职业学院,111.9366822,28.8162425
湖南工商职业学院,112.6142714,26.97047038
湖南三一工业职业技术学院,113.1332404,28.18889248
长沙卫生职业学院,113.0629485,28.27839227
湖南食品药品职业学院,112.88517,28.1254145
湖南有色金属职业技术学院,113.1603222,27.90051236
湖南吉利汽车职业技术学院,112.9470356,27.98279483
湖南幼儿师范高等专科学校,111.6347054,29.02997764
湘南幼儿师范高等专科学校,113.0147293,25.84265392
湖南劳动人事职业学院,113.1631932,28.2545769
怀化师范高等专科学校,109.9266347,27.43271945
永州师范高等专科学校,111.6246898,26.26546463
衡阳幼儿师范高等专科学校,112.3653923,26.97283441
长沙幼儿师范高等专科学校,113.0751278,28.24917256
益阳师范高等专科学校,112.353462,28.574444
娄底幼儿师范高等专科学校,111.44844,27.668268
中山大学,113.2866505,23.09547224
暨南大学,113.3260706,23.15431108
汕头大学,116.6152472,23.41191867
华南理工大学,113.4270025,23.1757392
华南农业大学,113.349253,23.16080416
广东海洋大学,110.4104602,21.22397834
广州医科大学,113.4203235,23.04693482
广东医科大学,110.405674,21.20737812
广州中医药大学,113.2616982,23.15955368
广东药科大学,113.4089162,23.05674923
华南师范大学,113.3458335,23.14136515
韶关学院,113.6666943,24.77769612
惠州学院,114.4134069,23.04159935
韩山师范学院,116.6618946,23.65796952
岭南师范学院,110.2419341,21.36369349
肇庆学院,112.4898574,23.10981318
嘉应学院,116.0854298,24.29068162
广州体育学院,113.3135277,23.14618804
广州美术学院,113.2735617,23.09576771
星海音乐学院,113.3748335,23.06021293
广东技术师范大学,113.2482827,23.15946056
深圳大学,113.9316087,22.53806302
广东财经大学,113.3488342,23.09348792
广东白云学院,113.2022066,23.27519198
广州大学,113.2607767,23.15103394
广州航海学院,113.4730646,23.10290432
广东警官学院,113.2825518,23.1078299
仲恺农业工程学院,113.2758674,23.10972204
五邑大学,113.0805123,22.59959527
广东金融学院,113.3750658,23.2034975
电子科技大学中山学院,113.3850519,22.53007897
广东石油化工学院,110.9182454,21.68201158
东莞理工学院,113.8695388,22.90584087
广东工业大学,113.2947283,23.13567954
广东外语外贸大学,113.2847917,23.20660447
佛山科学技术学院,113.0483228,23.1428816
广东培正学院,113.0846805,23.41219345
南方医科大学,113.3292204,23.19016579
广东东软学院,113.0188574,23.13987972
广州城市理工学院,113.179042,23.440751
广州软件学院,113.501055,23.457115
广州南方学院,113.685752,23.638368
广东外语外贸大学南国商学院,113.3783642,23.3410534
广州华商学院,113.784846,23.261684
湛江科技学院,110.250731,21.170642
华南农业大学珠江学院,113.5377613,22.70448303
广州理工学院,113.4514336,23.26192496
北京师范大学珠海分校,113.5340707,22.35472148
广州华立学院,113.8708,23.248688
广州应用科技学院,113.732551,23.283047
广州商学院,113.5637187,23.30634323
北京理工大学珠海学院,113.5214453,22.36901754
珠海科技学院,113.41162,22.056773
广州工商学院,113.1761914,23.4426611
广州科技职业技术大学,113.4587234,23.40538541
广东科技学院,113.750514,22.97482769
广东理工学院,112.4361066,23.07524483
广东工商职业技术大学,112.8169977,23.29013494
东莞城市学院,113.847273,22.984523
广州新华学院,113.587174,23.067996
广东第二师范学院,113.179886,23.40753051
南方科技大学,113.9944655,22.60046197
深圳技术大学,114.3924674,22.7050889
北京师范大学-香港浸会大学联合国际学院,113.5331842,22.15683909
香港中文大学（深圳）,114.2079241,22.69097288
深圳北理莫斯科大学,114.2008931,22.68211976
广东以色列理工学院,116.6354808,23.41286586
顺德职业技术学院,113.319022,22.81243125
广东轻工职业技术学院,113.2954095,23.0933391
广东交通职业技术学院,113.3515909,23.18430148
广东水利电力职业技术学院,113.3297823,23.14826288
潮汕职业技术学院,116.1361569,23.29249497
深圳职业技术学院,113.9462398,22.59133173
广东南华工商职业学院,113.4082992,23.07349457
私立华联学院,113.4001121,23.15738523
广州民航职业技术学院,113.0985427,23.39805012
广州番禺职业技术学院,113.3016046,22.90572215
广东松山职业技术学院,113.6374573,24.64524657
广东农工商职业技术学院,113.3265829,23.15969907
广东新安职业技术学院,113.9435029,22.53187003
佛山职业技术学院,112.9752815,23.24442876
广东科学技术职业学院,113.3579271,23.14764108
广东食品药品职业学院,113.2805459,23.44126474
广州康大职业技术学院,113.5603885,23.31271866
珠海艺术职业学院,113.3506981,22.13867714
广东行政职业学院,113.1811283,23.402855
广东体育职业技术学院,113.4078575,23.14472587
广东职业技术学院,113.0791572,23.23386108
广东建设职业技术学院,113.2429456,23.27104632
广东女子职业技术学院,113.4614693,22.96035794
广东机电职业技术学院,113.3310568,23.19811605
广东岭南职业技术学院,113.2423672,23.11269828
汕尾职业技术学院,115.3700593,22.78823541
罗定职业技术学院,111.5545686,22.77326266
阳江职业技术学院,111.981975,21.84564953
河源职业技术学院,114.7334907,23.75614618
广东邮电职业技术学院,113.3587051,23.13781053
汕头职业技术学院,116.7592412,23.35986653
揭阳职业技术学院,116.3115687,23.47956826
深圳信息职业技术学院,114.2118883,22.68736149
清远职业技术学院,113.0745355,23.72237984
广东工贸职业技术学院,113.3153206,23.17515555
广东司法警官职业学院,113.224856,23.19972009
广东亚视演艺职业学院,114.0672839,22.82540381
广东省外语艺术职业学院,113.3660575,23.2009143
广东文艺职业学院,113.3418509,22.97471229
广州体育职业技术学院,113.3531532,23.1678397
广州工程技术职业学院,113.2815739,23.12643768
中山火炬职业技术学院,113.4533134,22.55385669
江门职业技术学院,113.1031165,22.62851304
茂名职业技术学院,110.9733921,21.46941108
珠海城市职业技术学院,113.3532725,22.13487857
广州涉外经济职业技术学院,113.3501367,23.25969232
广州南洋理工职业学院,113.6101579,23.58335206
惠州经济职业技术学院,114.4684797,23.07968008
肇庆医学高等专科学校,112.4468107,23.04774881
广州现代信息工程职业技术学院,113.4341733,23.14465649
广东理工职业学院,113.2679548,23.14454525
广州华南商贸职业学院,113.4347683,23.37021618
广州华立科技职业学院,113.8594894,23.24431569
广州城市职业学院,113.2697109,23.1590786
广东工程职业技术学院,113.3756871,23.21635874
广州铁路职业技术学院,113.4993649,23.17655525
广东科贸职业学院,113.3997237,23.18903193
广州科技贸易职业学院,113.3859895,23.00423845
中山职业技术学院,113.4266404,22.5155815
广州珠江职业技术学院,113.5377613,22.70448303
广州松田职业学院,113.7211375,23.27991379
广东文理职业学院,110.2254971,21.64763369
广州城建职业学院,113.6052343,23.52729707
东莞职业技术学院,113.8521299,22.90006324
广东南方职业学院,113.1341263,22.58696829
广州华商职业学院,113.7789053,23.25930839
广州华夏职业学院,113.5110572,23.58030671
广东环境保护工程职业学院,112.9049796,23.05094394
广东青年职业学院,113.3191425,23.16611989
广州东华职业学院,113.4670325,23.25702717
广东创新科技职业学院,113.7202224,22.9378799
广东舞蹈戏剧职业学院,113.3067678,23.14684967
惠州卫生职业技术学院,114.4319278,23.00863448
广东信息工程职业学院,112.8206218,23.35125005
广东生态工程职业学院,113.3729908,23.19202617
惠州城市职业学院,114.4262629,23.01260669
广东碧桂园职业学院,113.1053924,23.72480202
广东茂名健康职业学院,111.0303479,21.56532091
广东酒店管理职业技术学院,113.7145349,22.9370747
广东茂名幼儿师范专科学校,110.8432006,21.93063875
广州卫生职业技术学院,113.2398186,23.27977356
惠州工程职业学院,114.3691349,23.19870378
广东江门中医药职业学院,113.0528646,22.57128917
广东茂名农林科技职业学院,110.8206568,21.66006853
广东江门幼儿师范高等专科学校,113.1325207,22.55059289
广东财贸职业学院,113.0950439,23.74461262
广州幼儿师范高等专科学校,113.679842,23.299161
广东汕头幼儿师范高等专科学校,116.763113,23.303416
广东梅州职业技术学院,116.137304,24.329202
广东潮州卫生健康职业学院,116.776883,23.6442
广东云浮中医药职业学院,112.200885,22.674522
广东肇庆航空职业学院,112.635168,23.054806
湛江幼儿师范专科学校,110.2429869,21.16318686
广西大学,108.2860269,22.84539724
广西科技大学,109.4365714,24.33619038
桂林电子科技大学,110.414047,25.30671901
桂林理工大学,110.2947433,25.06610663
广西医科大学,108.2392952,23.16336397
右江民族医学院,106.6110242,23.89332269
广西中医药大学,108.3150784,22.84377708
桂林医学院,110.1551907,25.22316976
广西师范大学,110.2841511,25.09664274
南宁师范大学,108.5225768,22.8082714
广西民族师范学院,107.3915976,22.38558134
河池学院,108.6622884,24.50182586
玉林师范学院,110.1563735,22.64327161
广西艺术学院,108.2189491,22.85944786
广西民族大学,108.1929971,22.8391017
百色学院,106.6457514,23.92436346
梧州学院,111.3136257,23.50197291
广西科技师范学院,109.2069784,23.77542792
广西财经学院,108.1778552,22.83011999
南宁学院,108.4491072,22.75261548
北部湾大学,108.6123372,21.90088072
桂林航天工业学院,110.3666109,25.28525068
桂林旅游学院,110.2961863,25.12429126
贺州学院,111.5079377,24.41301652
广西警察学院,108.3518061,22.83486055
北海艺术设计学院,109.1428509,21.45151849
广西农业职业技术大学,108.249508,22.850648
柳州工学院,109.5264669,24.37029139
广西民族大学相思湖学院,108.1932001,22.83891098
桂林学院,110.284788,25.101197
南宁师范大学师园学院,108.2322184,22.59074996
广西中医药大学赛恩斯新医药学院,108.5028869,22.7994189
桂林信息科技学院,110.129936,25.26649
南宁理工学院,108.200593,23.16368
广西外国语学院,108.5121716,22.8032282
北京航空航天大学北海学院,109.1817344,21.4276535
广西城市职业大学,107.9200551,22.59107018
广西职业师范学院,108.2344161,22.83511644
桂林生命与健康职业技术学院,110.2346067,25.29718862
广西机电职业技术学院,108.2337048,22.83863971
广西体育高等专科学校,108.3230451,22.83325177
南宁职业技术学院,108.1869467,22.83357582
广西水利电力职业技术学院,108.182347,23.20861211
桂林师范高等专科学校,110.1544211,25.22312341
广西职业技术学院,108.256237,22.86308673
柳州职业技术学院,109.4471545,24.29861027
广西生态工程职业技术学院,109.3779217,24.46914904
广西交通职业技术学院,108.4871442,22.91143744
广西工业职业技术学院,108.2968581,22.84335189
广西国际商务职业技术学院,108.1623618,23.17320816
柳州铁道职业技术学院,109.5291565,24.3988851
广西建设职业技术学院,108.2146233,22.84687766
广西现代职业技术学院,108.0339275,24.69591837
北海职业学院,109.0925508,21.44845677
桂林山水职业学院,110.1886146,25.23713153
广西经贸职业技术学院,108.3570316,22.79627103
广西工商职业技术学院,108.2850598,22.81518478
广西演艺职业学院,108.2358315,22.57623134
广西电力职业技术学院,108.2945774,22.85937785
广西英华国际职业学院,108.5834996,21.96923259
柳州城市职业学院,109.524829,24.39031587
百色职业学院,106.7260432,23.81469594
广西工程职业学院,107.6012301,23.3175842
广西理工职业技术学院,107.3495234,22.43354149
梧州职业学院,111.2305981,23.4726972
广西经济职业学院,108.1745455,23.20719477
广西幼儿师范高等专科学校,108.3428877,22.8172305
广西科技职业学院,107.9121297,22.5940937
广西卫生职业技术学院,108.3701256,22.86334434
广西培贤国际职业学院,107.6175721,23.32684086
广西金融职业技术学院,108.2446151,22.84303788
广西中远职业学院,107.904473,22.60732953
玉柴职业技术学院,110.1343074,22.57639368
广西蓝天航空职业学院,109.198493,23.7794789
广西安全工程职业技术学院,108.26004,23.17538653
广西自然资源职业技术学院,107.9762045,22.62209182
钦州幼儿师范高等专科学校,108.5882582,21.96679561
梧州医学高等专科学校,111.2121064,23.38560879
广西制造工程职业技术学院,108.1822458,23.16738251
广西物流职业技术学院,109.545465,23.04821824
防城港职业技术学院,108.313744,21.631506
广西信息职业技术学院,108.481356,22.787691
广西农业工程职业技术学院,107.974422,22.625461
北海康养职业学院,109.214043,21.436353
崇左幼儿师范高等专科学校,107.3979026,22.38736925
海南大学,110.3294479,20.06286331
海南热带海洋学院,109.5303005,18.31208903
海南师范大学,110.3393489,19.99783562
海南医学院,110.3314534,19.98522184
海口经济学院,110.484308,19.96635394
琼台师范学院,110.5124993,19.97654388
三亚学院,109.5551421,18.33711288
海南科技职业大学,110.4575594,19.86012595
海南职业技术学院,110.3044378,19.99868741
三亚城市职业学院,109.5146317,18.31938629
海南软件职业技术学院,110.4700904,19.25297192
海南政法职业学院,110.3713174,19.98385701
海南外国语职业学院,106.8873681,39.44006259
海南经贸职业技术学院,110.5149211,19.98413243
海南工商职业学院,110.3658034,20.01303069
三亚航空旅游职业学院,109.4860286,18.29343759
三亚理工职业学院,109.5473742,18.33680017
海南体育职业技术学院,110.3700381,20.01532777
三亚中瑞酒店管理职业学院,109.687662,18.30818867
海南健康管理职业技术学院,110.3044378,19.99868741
海南卫生健康职业学院,110.2854356,20.01040037
重庆大学,106.2952607,29.59537983
重庆邮电大学,106.6041116,29.53478045
重庆交通大学,106.5673178,29.49128577
重庆医科大学,106.3002958,29.62713036
西南大学,106.5052364,29.58060778
重庆师范大学,106.4527566,29.55922902
重庆文理学院,105.8649908,29.23991387
重庆三峡学院,108.4477536,30.754086
长江师范学院,107.2588034,29.75216144
四川外国语大学,106.4324934,29.5727768
西南政法大学,106.4383102,29.57101555
四川美术学院,106.5374706,29.49043877
重庆科技学院,106.5050656,29.51084701
重庆理工大学,106.7876677,29.71326377
重庆工商大学,106.5270756,29.56195587
重庆机电职业技术大学,106.2347841,29.55529705
重庆工程学院,106.5922617,29.42680354
重庆城市科技学院,105.893234,29.39739
重庆警察学院,106.3157285,29.62829395
重庆人文科技学院,106.4083391,29.97135771
重庆外语外事学院,106.614282,29.670271
重庆对外经贸学院,106.253848,30.00281
重庆财经学院,106.533063,29.351652
重庆工商大学派斯学院,106.2590745,30.00811056
重庆移通学院,106.246223,30.006867
重庆第二师范学院,106.572819,29.51304867
重庆航天职业技术学院,106.1031424,29.06215175
重庆电力高等专科学校,106.534389,29.49157109
重庆工业职业技术学院,106.6360128,29.77550254
重庆三峡职业学院,108.3897953,30.75939476
重庆工贸职业技术学院,107.387299,29.70399912
重庆电子工程职业学院,106.3205389,29.62042054
重庆海联职业技术学院,106.4376012,29.57185491
重庆信息技术职业学院,108.3746656,30.78991941
重庆传媒职业学院,106.0688645,29.85625823
重庆城市管理职业学院,106.3001439,29.57951251
重庆工程职业技术学院,106.2472207,29.34163706
重庆建筑科技职业学院,106.3244314,29.62046131
重庆城市职业学院,105.9387358,29.32838703
重庆水利电力职业技术学院,105.9300718,29.36970468
重庆工商职业学院,106.4499761,29.49937536
重庆应用技术职业学院,106.2300632,30.00828174
重庆三峡医药高等专科学校,108.4412685,30.75512174
重庆医药高等专科学校,106.3092488,29.62931766
重庆青年职业技术学院,106.3730773,29.78267511
重庆财经职业学院,105.8857051,29.37101776
重庆科创职业学院,105.8763393,29.37559071
重庆建筑工程职业学院,106.661079,29.55296171
重庆电讯职业学院,106.2766713,29.4136396
重庆能源职业学院,106.3026743,29.42685226
重庆商务职业学院,106.3070002,29.63926028
重庆交通职业学院,106.2825183,29.4084023
重庆化工职业学院,106.5198244,29.57329642
重庆旅游职业学院,108.8155162,29.50958199
重庆安全技术职业学院,108.4476889,30.75944751
重庆公共运输职业学院,106.273578,29.41017862
重庆艺术工程职业学院,106.0606729,29.85916186
重庆轻工职业学院,106.3680585,29.53659559
重庆电信职业学院,105.7833559,29.51378623
重庆经贸职业学院,108.8278412,29.53376542
重庆幼儿师范高等专科学校,108.3421135,30.82598917
重庆文化艺术职业学院,106.5292438,29.3500486
重庆科技职业学院,108.3664619,30.75332856
重庆资源与环境保护职业学院,105.6988936,29.69084033
重庆护理职业学院,106.229566,29.44583718
重庆理工职业学院,106.6089999,29.35657519
重庆智能工程职业学院,105.9612308,29.29468974
重庆健康职业学院,105.6929966,29.68594846
重庆工信职业学院,107.113154,29.948764
重庆五一职业技术学院,106.542499,29.365746
四川大学,104.0749141,30.62667777
西南交通大学,103.984351,30.76726124
电子科技大学,104.0467872,30.71230639
西南石油大学,104.1820059,30.82905179
成都理工大学,104.1354713,30.66747335
西南科技大学,104.6863493,31.53853788
成都信息工程大学,104.3029814,30.60882702
四川轻化工大学,104.7628044,29.33505265
西华大学,104.0652704,30.6370642
中国民用航空飞行学院,104.4205269,31.1569534
四川农业大学,102.9930217,29.98067494
西昌学院,102.2106163,27.94986291
西南医科大学,105.412878,28.90753797
成都中医药大学,104.0647267,30.62870417
川北医学院,106.1261426,30.77989248
四川师范大学,104.1196108,30.61580706
西华师范大学,106.0845979,30.8021889
绵阳师范学院,104.5961544,31.45634122
内江师范学院,105.0431731,29.59257741
宜宾学院,104.6100348,28.79675964
四川文理学院,107.4645076,31.23572812
阿坝师范学院,101.6965708,32.90866688
乐山师范学院,103.7488395,29.56240656
西南财经大学,104.0117124,30.67054046
成都体育学院,104.0411156,30.64887088
四川音乐学院,104.0763679,30.64023559
西南民族大学,104.0118708,30.62253267
成都大学,104.1876803,30.6525747
成都工业学院,104.0465975,30.67977142
攀枝花学院,101.7240676,26.57160568
四川旅游学院,104.2766216,30.58313034
四川民族学院,102.1775336,30.11334436
四川警察学院,105.424871,28.87954318
成都东软学院,103.5944333,30.89119154
成都艺术职业大学,103.8800719,30.49105461
电子科技大学成都学院,103.9630034,30.73108846
成都理工大学工程技术学院,103.729356,29.56277288
四川传媒学院,103.4951029,30.1770683
成都银杏酒店管理学院,103.9562702,30.78869453
成都文理学院,104.4609703,30.84800745
四川工商学院,103.9836551,30.82241023
四川外国语大学成都学院,103.5758376,30.83141843
成都医学院,104.1978242,30.82392419
四川工业科技学院,104.492802,31.32534882
成都锦城学院,103.956421,30.731225
西南财经大学天府学院,104.6850372,31.49062816
四川大学锦江学院,103.9421075,30.30577541
四川文化艺术学院,104.7575087,31.42329264
绵阳城市学院,104.570369,31.554603
西南交通大学希望学院,106.0443425,30.74920971
成都师范学院,103.8271766,30.68012609
四川电影电视学院,103.5961248,30.51562921
吉利学院,104.4259653,30.49006089
成都纺织高等专科学校,103.9539422,30.75991644
民办四川天一学院,104.1246838,30.76456447
成都航空职业技术学院,104.2322772,30.53086594
四川电力职业技术学院,104.0328066,30.66586103
成都职业技术学院,103.8778301,30.48224463
四川化工职业技术学院,105.4204903,28.86930866
四川水利职业技术学院,103.613246,30.99358648
南充职业技术学院,106.1510306,30.84909061
内江职业技术学院,105.1231473,29.60927202
四川航天职业技术学院,104.3160164,30.61831847
四川邮电职业技术学院,104.1216443,30.62193911
四川机电职业技术学院,101.7581997,26.57207816
绵阳职业技术学院,104.4815729,31.6121697
四川交通职业技术学院,103.8139922,30.69080848
四川工商职业技术学院,103.6937466,30.91526788
四川工程职业技术学院,104.388715,31.09439671
四川建筑职业技术学院,104.3814306,31.0865753
达州职业技术学院,107.5304275,31.27432931
四川托普信息技术职业学院,103.9220077,30.7844774
四川国际标榜职业学院,104.2962428,30.60025804
成都农业科技职业学院,103.8108291,30.65413092
宜宾职业技术学院,104.3377446,28.83729832
泸州职业技术学院,105.4046522,28.91617305
眉山职业技术学院,103.8851713,30.06896363
四川职业技术学院,105.602214,30.53624021
乐山职业技术学院,103.6859112,29.60910578
雅安职业技术学院,103.0497338,30.02147244
四川商务职业学院,103.7819197,30.75316554
四川司法警官职业学院,104.409729,31.13195039
广安职业技术学院,106.6604863,30.46477352
四川信息职业技术学院,105.8856098,32.42076094
四川文化传媒职业学院,103.675706,30.61637166
四川华新现代职业学院,104.2323494,30.65206641
四川铁道职业学院,103.801337,30.88163881
四川艺术职业学院,103.7876134,30.7537268
四川中医药高等专科学校,104.6828916,31.50802065
四川科技职业学院,104.160753,30.61262212
四川文化产业职业学院,104.0268293,30.59337987
四川财经职业学院,104.2097078,30.58181358
四川城市职业学院,104.160753,30.61262212
四川现代职业学院,103.9957993,30.51970814
四川幼儿师范高等专科学校,104.6652519,31.52115656
四川长江职业学院,104.1618347,30.64761888
四川三河职业学院,105.8057889,28.83335813
川北幼儿师范高等专科学校,105.8886083,32.41911779
四川卫生康复职业学院,104.8429233,29.35646349
四川汽车职业技术学院,104.6410373,31.43369045
巴中职业技术学院,106.8356993,31.87346305
四川希望汽车职业学院,104.6115183,30.08740264
四川电子机械职业技术学院,104.8369704,31.38187411
四川文轩职业学院,103.5469881,30.60828823
川南幼儿师范高等专科学校,105.2539845,29.3552992
四川护理职业学院,104.4448847,31.14328857
成都工业职业技术学院,104.0471726,30.44616493
四川西南航空职业学院,104.4597068,30.86481394
成都工贸职业技术学院,103.9151591,30.81204063
四川应用技术职业学院,102.1973682,27.90267286
西昌民族幼儿师范高等专科学校,102.2101149,27.94267874
眉山药科职业学院,103.5193497,30.00688011
天府新区信息职业学院,104.0906597,30.23500905
德阳城市轨道交通职业学院,104.1682173,31.10927817
德阳科贸职业学院,104.2538738,30.9864396
江阳城建职业学院,105.4314289,28.88174639
天府新区航空旅游职业学院,103.9191655,30.34000832
天府新区通用航空职业学院,104.07178,30.20121603
阿坝职业学院,101.6965708,32.90866688
达州中医药职业学院,107.5374347,31.28149689
内江卫生与健康职业学院,105.1209909,29.60524517
南充科技职业学院,105.9569154,30.97106114
攀枝花攀西职业学院,102.1121075,26.86860713
资阳口腔职业学院,104.6028998,30.06289557
资阳环境科技职业学院,104.6840564,30.0843629
南充文化旅游职业学院,106.0648694,31.53616041
南充电影工业职业学院,106.1573658,30.90434646
绵阳飞行职业学院,104.4589364,31.59156708
德阳农业科技职业学院,104.2205892,31.33340169
泸州医疗器械职业学院,105.4222092,28.80042094
甘孜职业学院,102.112903,29.672906
自贡职业技术学院,104.802169,29.420352
广元中核职业技术学院,105.6327088,32.37540838
四川体育职业学院,104.0249367,30.60202068
贵州大学,106.6687199,26.44770506
贵州医科大学,106.7115094,26.60186186
遵义医科大学,107.0632579,27.72796328
贵州中医药大学,106.7197101,26.5776024
贵州师范大学,106.7188344,26.59251164
遵义师范学院,106.8295819,27.53392534
铜仁学院,109.2175705,27.78995965
兴义民族师范学院,104.8978665,25.09623688
安顺学院,105.8977305,26.24741386
贵州工程应用技术学院,105.3082625,27.2990645
凯里学院,107.8882943,26.52797979
黔南民族师范学院,107.5135811,26.29793627
贵州财经大学,106.6386523,26.38182085
贵州民族大学,106.6666255,26.46798038
贵阳学院,106.7701194,26.5598057
六盘水师范学院,104.8158019,26.57921846
贵州商学院,106.6251716,26.7301891
贵州警察学院,106.7731924,26.55660616
贵州中医药大学时珍学院,106.742467,26.48116809
贵州黔南经济学院,106.654834,26.147304
贵州黔南科技学院,106.659022,26.153617
贵阳信息科技学院,106.642355,26.400504
贵阳人文科技学院,106.640385,26.375758
贵阳康养职业大学,106.610606,26.619729
遵义医科大学医学与科技学院,107.0826994,27.72577173
贵州医科大学神奇民族医药学院,106.7778863,26.56525557
贵州师范学院,106.7965659,26.64557198
贵州理工学院,106.6128052,26.38037059
茅台学院,106.3695413,27.85209925
黔南民族医学高等专科学校,107.6243336,26.22644927
贵州交通职业技术学院,106.439478,26.57038019
贵州航天职业技术学院,107.1617341,27.71588496
贵州电子信息职业技术学院,107.9878924,26.58448737
安顺职业技术学院,105.9745171,26.30991848
黔东南民族职业技术学院,107.984539,26.58030496
黔南民族职业技术学院,107.4517765,26.30700772
遵义职业技术学院,107.0395673,27.71555038
贵州城市职业学院,106.6355174,26.36970729
贵州工业职业技术学院,106.4659709,26.59228993
贵州电力职业技术学院,106.6899856,26.55372648
六盘水职业技术学院,104.7892961,26.61024221
铜仁职业技术学院,109.2095464,27.78141341
黔西南民族职业技术学院,104.9459458,25.07946697
贵州轻工职业技术学院,106.6223782,26.39023078
遵义医药高等专科学校,107.0705047,27.73010724
贵阳职业技术学院,106.7146876,26.58460699
毕节职业技术学院,105.4297243,27.22018791
贵州职业技术学院,106.6000361,26.60980375
贵州盛华职业学院,106.5904856,26.07091059
贵州工商职业学院,106.4482417,26.55901965
贵阳幼儿师范高等专科学校,106.4736229,26.58692618
铜仁幼儿师范高等专科学校,109.2261008,27.79559247
黔南民族幼儿师范高等专科学校,107.2334183,26.59466717
毕节医学高等专科学校,105.4342512,27.23511702
贵州建设职业技术学院,106.464201,26.58805349
毕节幼儿师范高等专科学校,105.4279563,27.2146268
贵州农业职业学院,106.7994173,26.66040828
贵州工程职业学院,108.1235189,28.24228498
贵州工贸职业学院,104.2277956,26.87755986
贵州水利水电职业技术学院,106.416037,26.57722424
贵州电子商务职业技术学院,106.4267098,26.58941805
贵州应用技术职业学院,107.5243341,26.68105425
贵州电子科技职业学院,106.6613528,26.39112031
贵州装备制造职业学院,106.4632457,26.59057688
贵州健康职业学院,109.2441138,27.79107257
贵州食品工程职业学院,106.418514,26.57535253
贵州经贸职业技术学院,107.4386147,26.29740333
贵州护理职业技术学院,107.1591864,26.49388733
六盘水幼儿师范高等专科学校,104.9994762,26.52747356
毕节工业职业技术学院,105.4441037,27.21787167
贵州机电职业技术学院,107.5762259,26.26231572
贵州财经职业学院,106.4375366,26.59528115
贵州民用航空职业学院,106.1456099,26.40232656
贵州文化旅游职业学院,106.47516,26.578634
贵州航空职业技术学院,106.7037312,26.48143098
云南大学,102.7007162,25.05700671
昆明理工大学,102.7307934,25.05438156
云南农业大学,102.7475843,25.13148275
西南林业大学,102.7569843,25.06319763
昆明医科大学,102.710418,25.05219811
大理大学,100.1542053,25.67335905
云南中医药大学,102.8213738,24.84120626
云南师范大学,102.8518991,24.86430151
昭通学院,103.7378201,27.36191985
曲靖师范学院,103.8016433,25.49299845
普洱学院,100.9980813,22.77153459
保山学院,99.16052306,25.13798121
红河学院,103.4213131,23.3524624
云南财经大学,102.7171692,25.08332097
云南艺术学院,102.8250973,24.83500441
云南民族大学,102.7018284,25.06119974
玉溪师范学院,102.562347,24.34243242
楚雄师范学院,101.5478405,25.02976345
云南警官学院,102.6899249,25.07919243
昆明学院,102.6790162,25.03252433
文山学院,104.2469141,23.35802393
云南经济管理学院,102.4341472,24.90157099
云南大学滇池学院,103.0017229,25.23370274
丽江文化旅游学院,100.237129,26.921301
昆明理工大学津桥学院,102.9967526,25.12527387
昆明城市学院,102.654635,25.086409
昆明文理学院,102.718721,25.095791
昆明医科大学海源学院,102.9913335,25.24447954
云南艺术学院文华学院,102.8958731,24.94011977
云南工商学院,102.6175032,24.99691842
滇西科技师范学院,100.0748565,23.89022003
滇西应用技术大学,100.2941419,25.67360752
昆明冶金高等专科学校,102.6579205,25.09188051
云南国土资源职业学院,102.7795394,25.00349986
云南交通职业技术学院,102.8059685,24.78052091
昆明工业职业技术学院,102.4876193,24.89931393
云南农业职业技术学院,102.9773387,25.169156
云南司法警官职业学院,102.8961887,25.06956583
云南文化艺术职业学院,102.6336958,24.97435807
云南体育运动职业技术学院,102.6816206,24.96749464
云南科技信息职业学院,102.7581852,25.08708147
西双版纳职业技术学院,100.7881128,22.01025951
昆明艺术职业学院,102.6526129,25.0758105
玉溪农业职业技术学院,102.4990088,24.24236202
云南能源职业技术学院,103.7929589,25.57077449
云南国防工业职业技术学院,102.8286417,24.82404905
云南机电职业技术学院,103.1667858,26.1041893
云南林业职业技术学院,102.7718926,25.09740464
云南城市建设职业学院,103.0024305,25.23728722
云南工程职业学院,102.4373452,24.89834511
曲靖医学高等专科学校,103.7942403,25.48881155
楚雄医药高等专科学校,101.4936202,25.08504929
保山中医药高等专科学校,99.2232942,25.08702702
丽江师范高等专科学校,100.2823158,26.89043104
德宏师范高等专科学校,98.5820338,24.42645702
云南新兴职业学院,102.8531778,24.98157929
云南锡业职业技术学院,103.1477585,23.39172949
云南经贸外事职业学院,102.5964792,24.7944562
云南三鑫职业技术学院,104.271594,23.35397462
德宏职业学院,98.58664137,24.41685729
云南商务职业学院,102.989605,25.24197346
昆明卫生职业学院,102.6337117,25.0802155
云南现代职业技术学院,101.5730061,24.98863756
云南旅游职业学院,103.0546394,25.3527238
红河卫生职业学院,102.41946,23.37131238
云南外事外语职业学院,103.008753,25.24327402
大理农林职业技术学院,100.1493133,25.70138185
公安消防部队高等专科学校,102.8294775,24.99762244
云南财经职业学院,102.7109778,25.09381827
昆明铁道职业技术学院,102.7844715,24.96672281
昭通卫生职业学院,103.7498415,27.39023372
大理护理职业学院,100.2998129,25.66626683
云南水利水电职业学院,102.4835826,25.24177784
云南轻纺职业学院,102.4464365,24.89710845
云南特殊教育职业学院,102.881726,24.83857126
云南工贸职业技术学院,102.475989,24.92480014
云南交通运输职业学院,102.654655,24.79804586
昆明幼儿师范高等专科学校,102.9810289,25.23864415
云南医药健康职业学院,102.4294196,24.90579671
云南理工职业学院,102.4310667,24.90383024
曲靖职业技术学院,103.8219984,25.53688491
红河职业技术学院,103.3421775,23.37142714
西藏农牧学院,94.34056698,29.6692409
西藏大学,91.14596641,29.64607327
西藏民族大学,108.7280454,34.35108854
西藏藏医药大学,91.12606564,29.66850904
西藏警官高等专科学校,91.15789552,29.68851118
拉萨师范高等专科学校,91.25648089,29.65403914
西藏职业技术学院,91.06690628,29.65276648
西北大学,108.8700053,34.14664332
西安交通大学,108.6501996,34.25716063
西北工业大学,108.9126212,34.24439731
西安理工大学,108.9883855,34.2551134
西安电子科技大学,108.8290045,34.12479925
西安工业大学,108.9810765,34.38110844
西安建筑科技大学,108.7494129,34.01589678
西安科技大学,108.9860151,34.23069684
西安石油大学,108.9253707,34.20050184
陕西科技大学,108.972406,34.37915125
西安工程大学,109.181139,34.36627438
长安大学,108.9432874,34.2265693
西北农林科技大学,108.0678741,34.28717363
陕西中医药大学,108.7100777,34.33320547
陕西师范大学,108.8861494,34.15516873
延安大学,109.4576412,36.61976607
陕西理工大学,107.0480969,33.07118796
宝鸡文理学院,107.207505,34.35131397
咸阳师范学院,108.7235582,34.36282147
渭南师范学院,109.4599111,34.49292768
西安外国语大学,108.9450494,34.20859074
西北政法大学,108.9112808,34.15595895
西安体育学院,108.9309161,34.23902972
西安音乐学院,108.9372641,34.23070286
西安美术学院,109.2180358,34.37364319
西安文理学院,108.9014576,34.21735758
榆林学院,109.7159482,38.29304691
商洛学院,109.9514795,33.8657864
安康学院,109.0295843,32.68615251
西安培华学院,108.9311481,34.12480195
西安财经大学,108.952087,34.21728058
西安邮电大学,108.8986092,34.15497855
西安航空学院,108.8880341,34.26461019
西安医学院,108.9055616,34.23965015
西安欧亚学院,108.9173268,34.17826443
西安外事学院,108.8637328,34.23209026
西安翻译学院,109.0053914,34.02563957
西京学院,108.9244297,34.13447509
西安思源学院,109.0750589,34.23607498
陕西国际商贸学院,108.713382,34.30172737
陕西服装工程学院,108.7141172,34.30456723
西安交通工程学院,108.5876428,34.1152838
西安交通大学城市学院,108.8547485,34.37120742
西北大学现代学院,108.7902571,34.05060458
西安建筑科技大学华清学院,109.0142259,34.24814406
西安财经大学行知学院,109.0911585,34.22925756
陕西科技大学镐京学院,108.7200536,34.3048353
西安工商学院,109.1021847,34.52970224
延安大学西安创新学院,108.9322713,34.15305628
西安电子科技大学长安学院,108.9121287,34.23247841
西安汽车职业大学,109.0989565,34.21420518
西安明德理工学院,108.7807267,34.04722106
西安信息职业大学,108.9379795,34.11769856
长安大学兴华学院,108.8552425,34.23938117
西安理工大学高科学院,108.9883855,34.2551134
西安科技大学高新学院,108.8796534,34.10571445
陕西学前师范学院,108.9476291,34.22836441
陕西工业职业技术学院,108.7103982,34.35002454
杨凌职业技术学院,108.0738781,34.26646138
西安电力高等专科学校,108.9809297,34.269524
陕西能源职业技术学院,108.7089458,34.35901533
陕西国防工业职业技术学院,108.6192197,34.06309194
西安航空职业技术学院,109.2404627,34.65688796
陕西财经职业技术学院,108.6937714,34.35603861
陕西交通职业技术学院,108.8157564,34.2364881
陕西职业技术学院,109.0927361,34.21575094
西安高新科技职业学院,108.8796534,34.10571445
西安城市建设职业学院,108.7755974,34.04732875
陕西铁路工程职业技术学院,109.4896748,34.47844682
宝鸡职业技术学院,107.2925188,34.34172885
陕西航空职业技术学院,107.0216198,33.02246958
陕西电子信息职业技术学院,109.3669809,34.11947857
陕西邮电职业技术学院,108.7032764,34.35760412
西安海棠职业学院,109.0771156,34.23130338
西安健康工程职业学院,108.7330478,34.02067866
陕西警官职业学院,109.0021507,34.40858007
陕西经济管理职业技术学院,108.9301809,34.24302476
西安铁路职业技术学院,108.9356297,34.28320761
咸阳职业技术学院,108.7319585,34.30010515
西安职业技术学院,108.9846458,34.30367757
商洛职业技术学院,109.9070998,33.88071357
汉中职业技术学院,106.9744393,33.16711197
延安职业技术学院,109.4028234,36.62958938
渭南职业技术学院,109.4729531,34.49817195
安康职业技术学院,108.9913831,32.69434338
铜川职业技术学院,108.928581,34.8865288
陕西青年职业学院,108.9461886,34.21302989
陕西工商职业学院,108.770708,34.03107324
陕西旅游烹饪职业学院,108.9173161,34.29046318
西安医学高等专科学校,108.7250737,34.11280323
榆林职业技术学院,109.7622919,38.22338248
陕西艺术职业学院,109.0977569,34.21330827
神木职业技术学院,110.4724576,38.88230609
宝鸡三和职业学院,107.0929066,34.48997326
榆林能源科技职业学院,109.781375,38.37716478
宝鸡中北职业学院,107.235584,34.399308
陕西机电职业技术学院,107.2266907,34.41713697
兰州大学,104.1483343,35.94340964
兰州理工大学,103.7740664,36.05547545
兰州交通大学,103.7277256,36.11053076
甘肃农业大学,103.6955892,36.09030834
甘肃中医药大学,103.9423144,35.96867947
西北师范大学,103.7400617,36.10217915
兰州城市学院,103.6923337,36.09475343
陇东学院,107.6831856,35.72741226
天水师范学院,105.695139,34.571271
河西学院,100.4392513,38.94789448
兰州财经大学,103.9134458,36.04529355
西北民族大学,103.8170781,36.0443499
甘肃政法大学,103.7100299,36.11655821
甘肃民族师范学院,102.8925152,34.96265356
兰州文理学院,103.8946714,36.06489371
甘肃医学院,106.7073481,35.53952558
兰州工业学院,103.7441857,36.05277997
兰州石化职业技术大学,103.643757,36.091177
兰州工商学院,103.972836,36.009033
兰州资源环境职业技术大学,103.951911,36.029832
兰州博文科技学院,103.971558,36.013947
兰州信息科技学院,103.762653,36.564132
陇南师范高等专科学校,105.7376266,33.75647984
定西师范高等专科学校,104.5908718,35.56140194
甘肃建筑职业技术学院,103.7596075,36.05051071
酒泉职业技术学院,98.49367961,39.68932849
兰州外语职业学院,103.9563484,36.00260992
兰州职业技术学院,103.9145831,36.04679427
甘肃警察职业学院,103.9385032,36.31500883
甘肃林业职业技术学院,105.9082743,34.48499919
甘肃工业职业技术学院,105.8117975,34.56564428
武威职业学院,102.60376,37.92817112
甘肃交通职业技术学院,103.7335545,36.54005184
甘肃农业职业技术学院,103.983181,36.00759029
甘肃畜牧工程职业技术学院,102.853915,37.67850155
甘肃钢铁职业技术学院,98.286102,39.7829281
甘肃机电职业技术学院,105.6561161,34.56973801
甘肃有色冶金职业技术学院,102.1768291,38.55099272
白银矿冶职业技术学院,104.1296534,36.52955429
甘肃卫生职业学院,103.7457449,36.53829987
兰州科技职业学院,104.0057101,35.95300846
庆阳职业技术学院,107.6319697,35.69187872
临夏现代职业学院,103.2517011,35.62561993
兰州现代职业学院,103.7604538,36.54424382
平凉职业技术学院,106.7244818,35.53541401
培黎职业学院,101.0755688,38.79638047
兰州航空职业技术学院,103.722508,36.117511
白银希望职业技术学院,104.136192,36.50278
甘肃财贸职业学院,103.7384955,36.55110749
青海大学,101.7581462,36.62400666
青海师范大学,101.747585,36.7428032
青海民族大学,101.8187444,36.58931238
青海大学昆仑学院,101.7528367,36.68808078
青海卫生职业技术学院,101.7861373,36.62720739
青海警官职业学院,101.7823728,36.59981114
青海农牧科技职业学院,101.266835,36.690988
青海交通职业技术学院,101.7449977,36.67138458
青海建筑职业技术学院,101.7574302,36.600764
西宁城市职业技术学院,101.7612975,36.74175316
青海高等职业技术学院,102.3580985,36.47912115
青海柴达木职业技术学院,97.34487859,37.34813049
宁夏大学,106.1277526,38.50259288
宁夏医科大学,106.2735052,38.43781776
宁夏师范学院,106.2436305,36.02159488
北方民族大学,106.0936428,38.49670707
宁夏理工学院,106.409318,38.96936135
宁夏大学新华学院,106.1177443,38.50144403
银川能源学院,106.2259588,38.2468539
银川科技学院,106.159395,38.520279
宁夏民族职业技术学院,106.1500853,37.9691881
宁夏工业职业学院,106.1267759,38.49768537
宁夏职业技术学院,106.1377427,38.52487301
宁夏工商职业技术学院,106.1260159,38.525689
宁夏财经职业技术学院,106.1225452,38.50822784
宁夏警官职业学院,106.1417138,38.50799177
宁夏建设职业技术学院,106.1381098,38.50817109
宁夏葡萄酒与防沙治沙职业技术学院,106.1693125,38.32765398
宁夏幼儿师范高等专科学校,106.4979176,38.35915123
宁夏艺术职业学院,106.1168821,38.51518131
宁夏体育职业学院,106.1485316,38.50513297
石嘴山工贸职业技术学院,106.3895978,38.96270451
新疆大学,87.73759167,43.84612337
塔里木大学,81.29411396,40.54389925
新疆农业大学,87.56401858,43.81241622
石河子大学,86.05543967,44.30263361
新疆医科大学,87.70648198,43.85066057
新疆师范大学,87.70344313,43.80118672
喀什大学,75.99562018,39.47737899
伊犁师范大学,84.88228083,44.4151851
新疆财经大学,87.5687927,43.85151729
新疆艺术学院,87.41494515,43.83915712
新疆工程学院,87.67171852,43.95585763
昌吉学院,87.2511717,44.01754869
新疆警察学院,87.56548841,43.89117759
新疆理工学院,80.2153519,41.23014223
新疆农业大学科学技术学院,87.57532941,43.82011533
新疆第二医学院,84.949267,45.566177
新疆科技学院,86.22925778,41.66199768
新疆政法学院,79.128308,39.870953
新疆天山职业技术大学,87.62903084,43.79306114
和田师范专科学校,79.90735271,37.11012208
新疆农业职业技术学院,86.9676866,44.19977054
乌鲁木齐职业大学,87.40610195,43.46960242
新疆维吾尔医学专科学校,79.9034019,37.11447688
克拉玛依职业技术学院,84.86538043,45.60162151
新疆机电职业技术学院,87.31452813,43.86104353
新疆轻工职业技术学院,87.62287745,43.91549452
新疆能源职业技术学院,88.30297267,43.36682137
昌吉职业技术学院,87.05620482,44.08769967
伊犁职业技术学院,81.33502371,43.92935091
阿克苏职业技术学院,80.29129652,41.18603865
巴音郭楞职业技术学院,86.24170581,41.7147061
新疆建设职业技术学院,87.53960922,43.88149377
新疆现代职业技术学院,87.43703175,43.85620788
新疆交通职业技术学院,87.63211706,43.94058351
新疆石河子职业技术学院,86.06864329,44.31346822
新疆职业大学,87.53656002,43.90084992
新疆体育职业技术学院,87.64715874,43.75523288
新疆应用职业技术学院,84.87653653,44.4229874
新疆师范高等专科学校,87.614747,43.80308818
新疆铁道职业技术学院,87.55206506,43.87711775
新疆生产建设兵团兴新职业技术学院,87.34748866,43.99513428
哈密职业技术学院,93.48772475,42.83664399
新疆科技职业技术学院,87.55378726,44.15468981
吐鲁番职业技术学院,89.2571258,42.95431283
博尔塔拉职业技术学院,82.05293932,44.84712432
和田职业技术学院,79.96862307,37.11695604
石河子工程职业技术学院,86.04122095,44.34542979
喀什职业技术学院,75.99589021,39.45070444
克孜勒苏职业技术学院,76.06932406,39.67513331
新疆科信职业技术学院,87.38354338,43.7150229
阿勒泰职业技术学院,88.12922539,47.82568096
塔城职业技术学院,82.98374034,46.75088901
塔里木职业技术学院,81.29411396,40.54389925
新疆工业职业技术学院,87.31452813,43.86104353
铁门关职业技术学院,85.64355423,41.8383156
东华学院,114.187262,22.315405
港专学院,114.242259,22.426333
宏恩基督教学院,114.179769,22.335811
岭南大学,113.994461,22.413717
明德学院,114.149806,22.255746
圣方济各大学,114.266491,22.309574
香港城市大学,114.184094,22.339538
香港大学,114.148074,22.286527
香港都会大学,114.191801,22.319204
香港高等教育科技学院,114.251802,22.273348
香港恒生大学,114.222834,22.382806
香港教育大学,114.205105,22.470062
香港浸会大学,114.191301,22.343597
香港科技大学,114.300526,22.292025
香港理工大学,114.191149,22.307174
香港能仁专上学院,114.171538,22.331431
香港树仁大学,114.208479,22.288778
香港伍伦贡学院,114.18359,22.340775
香港演艺学院,114.181649,22.282953
香港中文大学,114.19802,22.381791
香港珠海学院,113.99797,22.379041
耀中幼教学院,114.152711,22.247496
澳门大学,113.548951,22.126188
澳门理工大学,113.556512,22.190994
澳门旅游大学,113.553246,22.203733
澳门保安部队高等学校,113.557109,22.116368
澳门城市大学,113.562761,22.161173
圣若瑟大学,113.544034,22.208255
澳门镜湖护理学院,113.572837,22.133092
澳门科技大学,113.57309,22.149294
澳门管理学院,113.552673,22.189155
中西创新学院,113.5552352,22.18597549
国立政治大学,121.587684,24.991247
国立清华大学,121.010041,24.797307
国立台湾大学,121.550017,25.020738
国立台湾师范大学,121.53779,25.029215
国立成功大学,120.230067,23.002563
国立中兴大学,120.685617,24.126574
国立阳明交通大学,121.010057,24.788892
国立中央大学,121.212606,24.971996
国立中山大学,120.275153,22.631608
国立台湾海洋大学,121.786124,25.153907
国立中正大学,120.480204,23.562641
国立高雄师范大学,120.331143,22.628987
国立彰化师范大学,120.568634,24.085892
国立台北大学,121.552687,25.061909
国立嘉义大学,120.494573,23.47203
国立高雄大学,120.294161,22.737014
国立东华大学,121.420343,31.212475
国立暨南国际大学,120.940926,23.954439
国立台湾科技大学,121.55096,25.017045
国立云林科技大学,120.544366,23.69906
国立屏东科技大学,120.619866,22.64655
国立台北科技大学,121.548046,25.046002
国立台北艺术大学,121.480247,25.135765
国立台湾艺术大学,121.459391,25.009688
国立台东大学,121.078302,22.740292
国立宜兰大学,121.759385,24.749155
国立联合大学,120.822637,24.549066
国立虎尾科技大学,120.440109,23.705981
国立台南艺术大学,120.383336,23.188988
国立台南大学,120.218302,22.987487
国立台北教育大学,121.554942,25.028028
国立台中教育大学,120.682345,24.145429
国立澎湖科技大学,119.59188,23.577519
国立勤益科技大学,120.741996,24.147105
国立体育大学,121.396957,25.034926
国立台北护理健康大学,121.531759,25.120667
国立高雄餐旅大学,120.382869,22.566841
国立金门大学,118.333555,24.451951
国立台湾体育运动大学,120.698001,24.151936
国立台中科技大学,120.694249,24.152608
国立台北商业大学,121.535985,25.045035
国立屏东大学,120.515109,22.669112
国立高雄科技大学,120.338772,22.652277
国立台湾戏曲学院,121.576974,24.990213
国立台南护理专科学校,120.218069,22.999045
国立台东专科学校,121.133085,22.759551
东海大学,120.609381,24.181607
辅仁大学,121.443148,25.038943
东吴大学,121.555683,25.097984
中原大学,121.251363,24.960294
淡江大学,121.466508,25.180406
中国文化大学,121.548381,25.029327
逢甲大学,120.65698,24.181643
静宜大学,120.587329,24.229048
长庚大学,121.400442,25.03348
元智大学,121.273926,24.973184
中华大学,120.963544,24.763072
大叶大学,120.606462,24.003751
华梵大学,121.701359,24.984276
义守大学,120.41643,22.730243
世新大学,121.55425,24.992071
铭传大学,121.537473,25.090339
实践大学,121.556241,25.087285
朝阳科技大学,120.725693,24.076533
高雄医学大学,120.321204,22.65025
南华大学,120.504538,23.573591
真理大学,121.445517,25.180542
大同大学,121.532202,25.069954
南台科技大学,120.236897,23.029111
昆山科技大学,120.263481,23.00181
嘉南药理大学,120.235312,22.924283
树德科技大学,120.386748,22.767424
慈济大学,121.601466,23.995873
台北医学大学,121.571828,25.028778
中山医学大学,120.66159,24.124701
龙华科技大学,121.412665,25.022456
辅英科技大学,120.400259,22.605993
明新科技大学,121.001078,24.867291
长荣大学,120.283999,22.909362
弘光科技大学,120.590819,24.220615
中国医药大学,120.671479,24.181472
健行科技大学,121.238954,24.950744
正修科技大学,120.359451,22.654525
万能科技大学,121.242719,24.993332
玄奘大学,120.953694,24.777721
建国科技大学,120.559782,24.069342
明志科技大学,121.43304,25.044422
高苑科技大学,120.274726,22.844465
大仁科技大学,120.552569,22.729675
圣约翰科技大学,121.46067,25.231007
岭东科技大学,120.618604,24.141047
中国科技大学,121.566068,25.003879
中台科技大学,120.745515,24.177257
亚洲大学,120.696628,24.049748
开南大学,121.28037,25.014268
佛光大学,121.734045,24.819311
台南应用科技大学,120.249715,23.042621
远东科技大学,120.304973,23.067564
元培医事科技大学,120.953014,24.779659
景文科技大学,121.520348,24.95455
中华医事科技大学,120.254043,22.964523
东南科技大学,121.614726,25.006068
德明财经科技大学,121.575629,25.089886
明道大学,120.505889,23.871868
南开科技大学,120.707006,23.982594
中华科技大学,121.620263,25.036276
侨光科技大学,120.654329,24.19195
育达科技大学,120.852449,24.654386
美和科技大学,120.570813,22.606827
吴凤科技大学,120.444766,23.539455
环球科技大学,120.563396,23.682944
台湾首府大学,120.281717,23.194728
中州科技大学,120.614126,23.961136
修平科技大学,120.724097,24.098962
长庚科技大学,121.400501,25.036823
台北城市科技大学,121.479728,25.137772
敏实科技大学,121.100643,24.781171
醒吾科技大学,121.406241,25.084813
文藻外语大学,120.328739,22.67326
华夏科技大学,121.51831,24.98469
慈济科技大学,121.57524,24.000167
致理科技大学,121.475702,25.024443
康宁大学,121.619791,25.078461
宏国德霖科技大学,121.46632,24.975914
东方设计大学,120.255755,22.884302
崇右影艺科技大学,121.764478,25.13491
台北海洋科技大学,121.437295,25.195908
亚东科技大学,121.464058,24.998732
中信金融管理学院,120.17293,23.06571
大汉技术学院,121.615965,24.042085
和春技术学院,120.437682,22.609635
南亚技术学院,121.262263,24.940019
黎明技术学院,121.431496,25.069919
经国管理暨健康学院,121.739037,25.152763
大同技术学院,120.476083,23.473381
马偕医学院,121.506421,25.254645
法鼓文理学院,121.627313,25.248122
马偕医护管理专科学校,121.474832,25.125851
仁德医护管理专科学校,120.791022,24.624701
树人医护管理专科学校,120.272653,22.886576
慈惠医护管理专科学校,120.499715,22.489564
耕莘健康管理专科学校,121.547205,24.980373
敏惠医护管理专科学校,120.34017,23.283401
育英医护管理专科学校,120.343553,22.653441
圣母医护管理专科学校,121.713752,24.668218
新生医护管理专科学校,121.217205,24.836051
崇仁医护管理专科学校,120.469814,23.623336
台北市立大学,121.524205,25.038389
